Certification ID,User ID,Course ID,Completion Duration(minutes),Completion Date
2825505072,1,9169654182,5023,12-06-2021
4155840367,2,9466724797,8536,07-06-2022
605210527,3,1787138445,4708,15-02-2021
4016946441,4,8427751036,5846,01-04-2022
1561946796,5,8994988319,7544,08-06-2021
2750137454,6,8528151506,8957,12-11-2021
6157855126,7,6844404050,4337,11-07-2021
7424001981,8,4173793952,4416,03-12-2021
5783611549,9,187659575,6689,21-07-2022
1640314431,10,6311392275,3712,05-03-2022
3374298265,11,1965062679,7861,08-12-2021
9500423111,12,1318049679,4435,23-01-2021
6677180220,13,5785759942,6569,15-05-2021
5597351788,14,1531834663,6325,22-12-2021
6296277377,15,8433982613,3909,05-10-2021
8984538256,16,4009942177,8252,20-01-2022
3991477416,17,5727735998,4249,06-06-2021
5300744476,18,199944784,5986,05-05-2022
2533863068,19,2584729113,4538,19-01-2021
6127259665,20,7974745223,8699,05-03-2022
3533523136,21,4288863627,8362,26-05-2022
617997578,22,8023503618,4167,03-09-2021
3818953058,23,8987580644,6686,09-12-2021
6524551664,24,3923712502,5560,14-04-2022
2523942763,25,7581174476,8585,15-01-2022
1440113165,26,1653571780,4128,17-05-2021
3643184735,27,756594022,5047,30-07-2021
7142378670,28,2733054767,3603,23-06-2022
5184797033,29,1073984478,5884,15-05-2022
3876405645,30,9000904072,7510,05-04-2021
2581890274,31,4267069239,6235,04-05-2022
4629099778,32,4450213475,8257,12-11-2021
2940446644,33,6915298673,5678,03-02-2022
1614830118,34,1012043274,4526,28-05-2022
8536815981,35,89348923,5546,08-07-2022
5775768949,36,1976416310,3932,08-02-2021
5247063759,37,5645184475,8211,14-04-2022
2522895249,38,9661554420,8310,08-05-2021
1864636416,39,3303162409,5280,16-02-2021
6521558099,40,2509635751,4879,07-03-2022
8431180730,41,5324012963,5401,14-11-2021
2945760428,42,2555250875,3958,29-06-2021
9721129356,43,3248715871,5910,30-03-2022
3055634780,44,3554257206,4078,19-09-2021
8484581128,45,8444551937,8123,16-07-2022
5190359115,46,8449575737,8456,10-06-2021
677341970,47,3866731213,6809,23-04-2022
3433314993,48,7394109828,4143,22-07-2021
9851743607,49,4362428518,6396,01-08-2021
9847306788,50,2867718600,5291,01-01-2022
3786665826,51,560362501,4173,01-05-2022
4457535761,52,8714724944,5302,24-06-2022
9226157227,53,6878395593,4949,10-06-2021
9768383062,54,4491427615,3648,25-12-2021
5927158560,55,7418290020,8086,03-12-2021
9554300514,56,4688923503,5460,29-05-2021
2326157109,57,1240693648,6454,12-06-2022
917069749,58,448916479,8310,24-02-2022
4148092040,59,9599170032,8255,31-05-2022
3197258452,60,1371524025,4030,12-01-2022
452546990,61,1845417968,5537,13-05-2022
8721653658,62,3111659275,3725,12-02-2021
8931353472,63,6770242478,6043,03-08-2021
3806647909,64,5241184295,8088,04-05-2022
8344310008,65,5446837916,6483,14-12-2021
5470811212,66,1395757755,7988,03-09-2021
1156265045,67,1667164899,7080,23-05-2022
1795586214,68,2457269059,8269,07-09-2021
8869615278,69,2576557473,3866,29-06-2021
5732563164,70,6235841906,8736,24-10-2021
1151789909,71,642929734,6972,24-02-2021
2638972363,72,2011338565,6900,23-04-2022
3716668168,73,4608413325,6733,25-07-2021
9576467640,74,9298578008,8890,02-06-2022
1674563000,75,8533802277,7441,07-01-2021
3739731656,76,4827323550,7421,10-06-2022
353004804,77,6170649720,6365,06-01-2022
1462667376,78,5887438932,3825,07-01-2022
5231068519,79,1674158815,5054,21-06-2021
7095176833,80,9494664469,5280,18-02-2021
5216942785,81,3144078514,4916,27-12-2021
2137555417,82,8588873001,7656,20-04-2021
8683467880,83,8803482202,8648,10-04-2022
8025894665,84,8329472477,7838,23-12-2021
4531585607,85,9372686638,6961,25-01-2021
2107024162,86,2187751252,7702,04-07-2021
704644924,87,1658266609,5857,24-06-2021
5969574740,88,8179740218,8311,18-05-2022
5584503851,89,2923816730,7937,18-01-2021
6469286259,90,3927072370,8210,21-04-2022
6182237775,91,863448070,6213,05-06-2022
8164808741,92,3932130537,7060,30-05-2021
446319805,93,7036070315,6564,25-11-2021
6483854285,94,2778184376,6043,04-06-2021
47218193,95,9221161285,7985,19-07-2022
5046029529,96,8000430193,4066,16-04-2021
3287722115,97,7949985550,3691,09-03-2022
419537600,98,2154772544,7288,08-12-2021
2685133887,99,9039365474,6048,18-09-2021
7788311332,100,8120281497,6131,07-07-2021
2423034741,101,7859321580,8517,15-12-2021
2244927334,102,379438798,4050,14-05-2022
9805000419,103,3417360390,8883,30-03-2021
8733198039,104,5100744944,5394,07-04-2021
2744803367,105,9805811859,3863,09-05-2022
4131249669,106,9575798694,7896,03-03-2021
4476419690,107,2626083364,4359,21-10-2021
841069603,108,4218336490,7989,24-05-2021
177064765,109,1400459044,5097,01-10-2021
4605843876,110,7998794534,4685,09-01-2022
7185784646,111,362970866,4302,09-10-2021
6375583020,112,6426608041,7543,23-02-2021
1809812658,113,9221683176,7274,06-02-2022
2677381109,114,8985687794,4072,20-05-2022
1765893682,115,3031670337,7377,17-10-2021
5376856097,116,9123099682,8948,06-05-2021
3499007460,117,3322641708,4738,28-01-2022
2675482234,118,8659566572,5137,14-04-2021
9494179773,119,5234409333,7588,08-08-2021
1792393393,120,102825637,8680,25-03-2021
1423683781,121,8753384849,4579,11-03-2021
9320105731,122,7424726455,5852,29-08-2021
1102127922,123,2655994272,6190,27-02-2021
7344325241,124,3126138543,7930,13-04-2022
8425676487,125,6893386044,6949,28-05-2021
5802729872,126,1671493605,4359,14-07-2022
8221620521,127,7467306253,4104,20-04-2022
4285500922,128,1386973467,5189,09-09-2021
896145689,129,6173419394,8818,03-01-2021
5042152709,130,3051053422,5607,01-10-2021
804103569,131,2716405441,3789,01-10-2021
1045592250,132,276272285,8035,07-05-2021
9097861462,133,2142707602,7533,08-02-2022
7035560602,134,8574838063,5279,04-11-2021
5439721584,135,9384042722,5531,20-10-2021
6568377910,136,8291048061,7612,24-04-2021
8124497419,137,203765338,8951,21-05-2022
7751590300,138,8317095592,8277,12-07-2022
9571897906,139,1674918003,7641,29-09-2021
7908417590,140,8571015325,8755,18-02-2022
9253572329,141,9196141387,4682,13-07-2021
9773004244,142,4629808965,6434,25-12-2021
4309585132,143,2822079455,8868,03-02-2021
6942993921,144,618820205,3686,05-12-2021
3035588317,145,9332346070,4276,21-03-2021
2785631730,146,8747553219,7510,10-12-2021
5774341011,147,7474788438,6587,18-08-2021
9382827552,148,6653280802,4130,20-04-2022
5775018451,149,9821173160,6842,02-09-2021
9379192592,150,2503482317,8994,08-06-2022
9039985723,151,8108374383,5786,11-11-2021
4337932836,152,6591580573,4050,31-03-2021
8658691357,153,384317820,4179,07-01-2022
2595191462,154,4818652415,5666,26-03-2021
1425152953,155,1725286718,3662,10-02-2021
2955470538,156,7475868974,7811,16-05-2022
4193688666,157,5606488922,3681,22-09-2021
2571017985,158,5130345932,8097,11-10-2021
2022531213,159,6200301506,6809,17-05-2022
1463862873,160,8499282342,8631,10-03-2022
5971335596,161,6010639905,3964,29-03-2021
6985536506,162,9171061835,3646,21-01-2021
4595941587,163,8852774408,4247,01-03-2022
1977161588,164,9993809098,6920,17-01-2022
7189824405,165,7709946194,6354,20-07-2021
6249370919,166,6346761668,7635,04-01-2021
1732910561,167,6737817610,6150,13-07-2022
1749505525,168,1243870605,4894,18-07-2022
6436529578,169,700330755,4243,31-08-2021
4636831799,170,6534131633,8923,22-03-2021
1316721442,171,5884094124,8557,01-05-2021
9481517373,172,5993521597,8454,09-12-2021
5319827385,173,302552480,3610,19-07-2022
58265538,174,6056757218,6900,12-03-2021
9272097835,175,4808554526,6001,26-03-2022
1421011468,176,2227170700,4849,01-05-2021
1372328262,177,4760331735,3626,16-06-2022
2260517064,178,2775757391,6181,29-06-2022
8561976543,179,9464379979,8307,19-10-2021
3141342296,180,6797668506,6146,12-03-2021
7097957638,181,7002274228,7742,26-08-2021
557011493,182,8030623747,7792,24-05-2022
6380879366,183,423759728,3744,30-04-2022
5287233035,184,9844688507,7939,23-01-2021
9437969558,185,4629003983,6515,07-09-2021
425898520,186,5456507013,5279,05-03-2022
1186435259,187,2235874444,5625,13-04-2021
6974609779,188,5494470857,6053,16-12-2021
4942696194,189,9175786478,6826,07-07-2022
5915364276,190,7482082697,8031,08-06-2021
6763439342,191,9155923968,4418,05-04-2021
2551948924,192,8817886637,7059,08-03-2022
9765732228,193,5065511519,6154,10-02-2022
6046303508,194,4841848630,7991,09-04-2022
7272999179,195,6584610721,8776,12-09-2021
8449138140,196,8853465611,8217,24-04-2022
2033401782,197,3170614061,5784,21-06-2021
7928587475,198,8486630347,7228,19-06-2021
4467250220,199,1922211095,5485,28-03-2022
4315081833,200,4236214385,4393,25-02-2022
6993436663,201,6092706075,4166,24-05-2021
2415335320,202,3593786362,6355,24-07-2021
7151766114,203,2289149004,6761,12-06-2021
8186295011,204,4423377500,6259,12-11-2021
9691576538,205,5741892116,8117,29-05-2022
2654576507,206,6667125855,8206,11-02-2021
9922533316,207,2726126952,5942,29-03-2021
3802387031,208,6203226106,6714,03-06-2021
992713757,209,7055934974,5468,17-02-2021
8449309425,210,5260716191,7677,04-11-2021
6367047719,211,8063104854,3643,07-03-2022
8151862742,212,742930912,8040,19-05-2021
1641361018,213,7717825740,7713,10-03-2021
5251171307,214,3770453786,7454,11-07-2022
7245585407,215,4693211826,8120,13-07-2021
6977917628,216,5809288529,6019,28-02-2021
1576578321,217,8063699866,8980,16-03-2021
4480497544,218,8247613522,4962,21-02-2022
4232668012,219,1290209235,6001,23-02-2021
4054428665,220,37489623,5694,07-06-2022
2717915583,221,5396478632,6750,16-06-2021
1515912248,222,3869854227,6474,24-03-2021
2411574274,223,6462237589,8357,17-03-2022
437228800,224,1808214544,4501,03-04-2021
6524911709,225,3780979365,7225,09-01-2021
8330322777,226,9806137884,5650,10-05-2022
594720664,227,4007107882,4021,16-04-2021
5488323724,228,3400547972,7226,27-06-2021
5729973527,229,6026642099,3909,04-12-2021
6337642171,230,2066979643,5948,16-03-2022
5623334830,231,9615100935,6048,28-06-2022
4378423162,232,3849259617,7689,24-02-2022
9050047785,233,2000900135,5710,10-01-2021
5511033405,234,9639554448,7673,10-03-2021
2421498589,235,3284153284,6160,10-03-2022
1193297729,236,1257789473,8510,02-04-2022
6751649037,237,6402480185,4340,05-05-2022
2843246644,238,334516056,8226,11-12-2021
962606278,239,9643276864,7534,24-11-2021
5124817828,240,4160761283,5876,27-02-2022
8903972422,241,5902440483,8153,04-02-2021
3152786530,242,3252404443,5150,03-12-2021
7639245737,243,4840051712,8903,10-03-2022
8748199923,244,4185794436,3665,22-06-2021
3463177978,245,2264064455,7551,17-08-2021
7767031179,246,8171286089,8079,22-03-2022
710844476,247,7205677734,3865,08-04-2021
4620630454,248,8224772241,3707,15-12-2021
582973635,249,3747913822,3728,12-03-2022
9330501109,250,171342186,4973,22-02-2021
6482386210,251,1843742829,8592,24-05-2022
3881108785,252,8139430803,8935,13-10-2021
2266258087,253,4692974532,7319,04-11-2021
9523749439,254,5880806871,8796,01-02-2022
8959070076,255,2387948718,7498,25-08-2021
2589822626,256,8648110270,6289,28-08-2021
2447789297,257,6548907663,5922,28-06-2022
5971510096,258,3880027234,4383,19-06-2022
2414424095,259,6059050026,4085,13-01-2022
4858280683,260,859256170,7272,02-06-2021
8295238159,261,3957423902,4923,06-06-2021
3323241185,262,7597888368,7064,18-07-2021
6770389908,263,2859943730,8747,21-11-2021
8291233454,264,4520023815,6761,02-06-2022
5294928248,265,7856998482,5780,15-02-2021
9069802155,266,7800366162,4357,03-03-2022
944402267,267,4160679692,8013,31-01-2021
4616358796,268,5817452782,8408,19-05-2021
424670410,269,1240668406,6716,03-04-2022
961041900,270,6925125534,4986,14-10-2021
1194472885,271,4676978928,8598,19-08-2021
2322388912,272,6849724487,5640,27-02-2022
160404185,273,7625500667,8854,04-03-2021
1849501882,274,6164703689,8091,03-03-2021
2419599322,275,8431471131,5344,26-05-2021
715320246,276,7915356364,5956,26-12-2021
5358617035,277,8159624654,7956,28-06-2022
762592982,278,6277476815,6309,03-03-2022
7808908258,279,767065301,4269,24-05-2022
9643186962,280,8278870098,5706,31-01-2021
611507498,281,2213743584,6813,12-07-2022
325521824,282,3343646180,8852,21-11-2021
3934208045,283,4183851920,6072,23-06-2021
647970317,284,910309434,6720,24-05-2021
9961749731,285,5963947189,4372,19-04-2022
7519229688,286,6703857644,6374,07-09-2021
360710573,287,9681693493,7863,26-08-2021
2760308812,288,5683343380,5623,17-02-2022
1522055398,289,5970490636,4385,16-03-2022
6250159851,290,3863735757,5579,26-04-2021
2572708310,291,6940416862,4126,12-12-2021
6377218729,292,1569084718,7585,01-08-2021
184991986,293,3793616487,6863,02-04-2022
1175086916,294,8006137080,6826,18-05-2021
2729108998,295,9570298162,6403,12-04-2022
6459966788,296,7303421432,5220,05-02-2021
8820838303,297,2302717864,5520,27-06-2021
4724605731,298,3846743976,4955,09-07-2021
7494005803,299,3764296372,6840,27-08-2021
8003123356,300,217275656,6134,04-06-2021
9341871492,301,5177128679,3788,22-08-2021
2797635833,302,6288751081,7256,04-07-2021
9412125771,303,780980468,6915,06-12-2021
9640714941,304,4498082516,7597,23-05-2021
3575909741,305,3617881866,6990,12-09-2021
1951394,306,9164580776,7286,10-02-2022
6873809128,307,5959344114,3860,22-02-2022
2377470335,308,4742963318,6700,02-06-2021
8652249083,309,6820070144,8379,15-05-2022
8337535156,310,2246517273,4085,05-02-2022
9457098560,311,6062054150,6163,23-05-2022
4124833520,312,5849103562,6156,19-05-2021
3190710090,313,6644095119,8382,06-08-2021
3444051018,314,1508054711,5914,03-12-2021
9049560369,315,5068469092,7847,10-02-2021
7395692454,316,3006375106,3996,09-05-2021
8074797872,317,9931719931,5382,20-09-2021
4780582059,318,8700807826,7804,11-08-2021
9296240492,319,8329264270,3699,19-02-2022
4033528989,320,6667293731,6193,31-07-2021
6708750872,321,9456089665,8892,08-03-2021
304193437,322,6104467776,4759,10-05-2022
9204213795,323,2822151520,6961,06-09-2021
4260945548,324,5769161191,5725,10-06-2022
2066189065,325,6959486475,4685,22-01-2021
7785929653,326,6328960115,5980,26-01-2022
9263925488,327,574541276,4490,02-08-2021
9460502768,328,8711048492,5705,31-10-2021
2862086444,329,8071929999,8382,24-07-2021
8918230834,330,8707263597,6559,22-03-2022
8802576092,331,8891916145,7413,04-06-2021
3100508076,332,3597946275,5336,28-03-2021
8897678181,333,244939985,4898,16-02-2021
4547406332,334,844868833,5994,08-04-2021
9298777817,335,9019602985,5633,09-01-2022
9581830499,336,8554913434,3743,24-02-2022
8493578762,337,9184154535,6312,19-06-2021
952164949,338,1847471056,3726,28-02-2021
4792458161,339,3981465008,8815,09-06-2021
8826503664,340,3574497679,7160,29-10-2021
3521860159,341,2373043599,6576,28-08-2021
1928360467,342,2961438632,4563,20-03-2021
8567451604,343,1410868346,4180,21-01-2021
2360421026,344,2317574517,6732,25-08-2021
7476443616,345,5640166460,6830,22-05-2021
5539975553,346,28655753,8636,15-02-2021
1006527176,347,9463783245,7778,06-02-2022
4796674594,348,1603932798,8985,05-01-2021
5326940582,349,8203484638,6381,25-11-2021
5343921906,350,9081941062,4487,02-03-2021
4111898483,351,7596659918,4600,12-02-2022
1748128736,352,4001916398,4517,07-03-2022
2061453287,353,9465924725,8309,10-11-2021
4801713173,354,7835588358,7091,06-01-2021
424994550,355,998173444,8215,21-05-2022
3336373522,356,1309408262,6123,24-11-2021
9308055703,357,7172507258,6563,28-07-2021
9656353692,358,55433243,8233,21-04-2022
8942261892,359,6432048532,6745,04-05-2021
6887953943,360,9974942934,7458,21-04-2021
7911668787,361,8164625728,4465,23-06-2022
7380944134,362,3937814116,5471,06-06-2021
3764281847,363,7956954975,8086,27-01-2022
7899192854,364,9555785953,7336,19-06-2021
2186613123,365,1847548016,7169,07-11-2021
7957221637,366,3418003605,7328,20-01-2022
553438557,367,1811087701,7595,07-04-2022
4345484545,368,9072553462,6570,24-06-2022
3832555994,369,4765006603,4890,18-05-2022
8180399001,370,8020790640,8872,01-06-2021
8369563503,371,9470368819,7420,04-08-2021
8160538499,372,375462988,5617,07-04-2022
8994109129,373,2159131350,6015,26-09-2021
7786239995,374,4961475726,6586,13-06-2022
6875836327,375,445336935,8844,05-06-2022
1790964148,376,1774014599,4175,22-09-2021
1129272753,377,3786955115,6456,17-10-2021
2328999034,378,6430786072,5393,05-03-2022
6304284985,379,9723153041,4514,17-07-2021
113492499,380,6754033169,5149,14-12-2021
668106093,381,5518678827,6846,17-08-2021
5629244272,382,3570118029,5415,17-04-2021
8729891043,383,7997920560,4321,02-04-2021
3998355502,384,1967880689,3831,26-07-2021
9661186251,385,9420858359,4589,18-01-2022
2784499146,386,392400529,8045,24-12-2021
4555523040,387,6578598901,8717,03-12-2021
1286908663,388,4965982924,4007,24-12-2021
1456702572,389,5730884583,3874,20-03-2022
2994688069,390,6689600696,7662,09-05-2021
806270616,391,4501099828,5526,30-07-2021
8908110836,392,3024584803,7387,14-01-2022
1344569625,393,167045881,6731,29-01-2021
2739327412,394,7156351087,5774,01-01-2022
9610730124,395,144274256,5660,09-01-2022
3192606940,396,6818261167,8217,24-08-2021
8602534140,397,2077409835,8291,25-02-2021
4064739531,398,8350195754,4521,17-04-2022
67486487,399,8926763897,4325,20-04-2022
4090596262,400,8151565330,5103,13-11-2021
9008962861,401,5207220799,4783,26-01-2021
2669507824,402,8898803850,5256,27-03-2021
6477460548,403,8112632707,8223,18-04-2021
1752787595,404,967798833,7991,07-03-2022
531691748,405,6056514897,6879,03-06-2021
7210880364,406,8501075132,8482,11-05-2022
9201842899,407,3514812438,7186,27-06-2022
7776760617,408,3132676527,6908,24-07-2022
6979055127,409,3286407011,7081,02-01-2022
6790853014,410,6638580396,7961,24-10-2021
5136273801,411,5580386087,7782,13-01-2021
3361245389,412,8443270616,3980,25-04-2022
4224563703,413,1646208897,7170,27-03-2022
2239341106,414,8526887513,6952,16-04-2022
182873633,415,7215427765,4304,16-05-2022
6201633308,416,1318419557,8476,16-02-2021
9589226965,417,7324223761,7863,02-04-2022
4274525724,418,2718229152,7873,18-06-2022
4293079157,419,7370112624,4920,24-12-2021
6528205795,420,9798779002,4294,01-07-2021
959905502,421,9042198982,3702,01-03-2021
4769656343,422,1054033900,5704,19-05-2022
2189042933,423,4517089398,4035,17-04-2022
4293895477,424,6916827777,5914,25-12-2021
8525190330,425,6652979357,6143,30-04-2021
3722763304,426,4946186328,7027,24-04-2021
7465014719,427,8451716601,8255,12-05-2021
2449335692,428,6150563340,7084,27-01-2021
7383018079,429,3166516824,4830,06-11-2021
2918840629,430,5544454167,6111,28-02-2022
5835140649,431,2960035275,8556,17-07-2022
9114803445,432,5312484083,8780,27-06-2021
6314716020,433,4805533099,7870,07-04-2022
9004325662,434,3438771349,5203,17-08-2021
2966473320,435,5581687064,3970,20-02-2021
9473826621,436,5254884444,4916,27-01-2021
7886632613,437,79600301,3856,02-12-2021
7941099179,438,8939729439,6109,26-09-2021
1953644848,439,4773767219,6042,25-04-2021
8019843124,440,2780221216,8087,10-05-2021
4948863955,441,2441566911,4946,15-02-2022
1319404898,442,5937603834,6040,01-06-2021
8671755347,443,5301316761,3957,08-04-2022
665967276,444,2424002339,5182,10-04-2022
8048533170,445,3284312226,5015,21-09-2021
2247107796,446,3670470611,8197,13-06-2021
9743882944,447,353432253,8502,12-03-2021
4472272954,448,1334211728,6250,18-06-2021
8170176077,449,1689528486,8098,09-11-2021
3995377807,450,6243114961,3607,02-10-2021
3654238440,451,5331921035,6299,20-09-2021
955421195,452,7854993645,5618,02-07-2021
4535042101,453,3357878658,8690,09-01-2021
5037006953,454,4746917698,7958,11-11-2021
8588745615,455,1769392041,4927,20-02-2021
424338262,456,4725141070,8361,04-03-2022
681287691,457,1295009897,4835,21-01-2022
1869805682,458,6319632119,6322,21-10-2021
9607239644,459,2155124678,5687,15-10-2021
511013558,460,2925481833,4271,15-03-2021
5652003022,461,599591935,6133,23-04-2022
3633610065,462,3847062468,4370,24-04-2022
6390621221,463,7113429785,4525,15-01-2021
2843952026,464,4441895151,7585,26-02-2021
4157846370,465,6879904440,3691,28-04-2022
3237308668,466,3949234047,6240,14-01-2021
7814471524,467,8616161570,4006,27-09-2021
9243158589,468,4301368892,5140,26-06-2022
7533935950,469,5151075780,7144,16-05-2021
1594955697,470,2904602623,6453,08-01-2022
2197417886,471,3782497821,5102,01-03-2021
2154537049,472,4614367364,6574,23-12-2021
4527076493,473,4699839096,6363,06-02-2022
4680620021,474,7618512884,5699,10-08-2021
2820132332,475,488215455,8106,09-02-2022
1237262100,476,2642304078,8318,03-07-2021
6618502284,477,7487956849,5129,08-05-2021
8025567737,478,7716560506,7945,24-10-2021
8329406431,479,4613283736,4584,03-10-2021
947886354,480,1488436754,6565,19-06-2021
786776528,481,3033374638,7307,01-06-2021
7772745222,482,6216718002,4547,25-06-2022
8683340562,483,7569761413,4121,21-07-2021
7412179977,484,1453128735,5118,31-01-2021
8886581726,485,3473776971,8405,21-07-2021
5829600250,486,8061068567,6531,02-10-2021
1486813259,487,4948802654,6593,18-10-2021
9525915735,488,4460194767,5734,30-07-2021
1326023748,489,1906853584,4465,06-05-2021
5474372795,490,7597734980,6533,15-05-2022
5543431090,491,9687908769,5726,26-06-2022
6158934879,492,3226795295,5320,08-01-2022
3010016077,493,1865402028,5282,23-08-2021
1258144387,494,9961818377,4079,19-09-2021
2000671845,495,7324320643,5101,20-04-2022
5420796015,496,303262982,5432,16-05-2022
8578562666,497,6965125543,3678,11-04-2021
1907308091,498,1327881403,7855,04-07-2022
9177282574,499,2989426582,4040,20-04-2021
3584853435,500,5202254938,6884,29-05-2021
6235579128,501,1803790466,8815,20-08-2021
647238780,502,2001019394,6284,17-08-2021
504431196,503,8200215083,7486,23-07-2021
4623418456,504,380463970,8580,29-09-2021
5722819840,505,5216495282,5950,05-07-2022
9985028929,506,9019547038,4598,09-02-2022
7592915200,507,6453384183,5333,22-01-2021
4230295758,508,2452626732,3903,27-07-2021
9795734806,509,7139236593,5948,14-07-2022
7713966404,510,708434932,8610,20-06-2021
5792839042,511,6961768555,7020,27-05-2022
323636837,512,7205281962,8703,08-05-2021
6520621536,513,4545578012,8300,11-07-2022
2922838706,514,8447419886,3809,01-04-2021
7349682719,515,6797913535,6349,22-10-2021
4774272620,516,1813158037,4209,14-01-2021
9976654251,517,1732393338,8366,13-05-2022
1293602728,518,1996097784,5904,21-08-2021
4264070589,519,8318345312,5664,25-03-2021
5066655484,520,8109285236,8217,31-05-2021
3855988358,521,296159530,6383,08-09-2021
4638285929,522,2449876170,3843,27-08-2021
2894583273,523,2888697254,5900,09-06-2022
1120838134,524,4061100718,6941,09-03-2022
8666773456,525,5563356841,7644,15-06-2021
3039712063,526,4027250915,7961,25-07-2022
3630813046,527,6869472521,4197,04-07-2021
6354241252,528,2830016327,8458,22-09-2021
2960853318,529,9055089966,6406,25-04-2022
5001098726,530,5063425070,8675,25-04-2021
3651007618,531,7212230065,5422,22-01-2022
3787343652,532,5806150119,8585,08-07-2021
2969133571,533,5071296330,4085,10-06-2022
9073581214,534,2098504128,5002,25-04-2022
9660186657,535,6572813185,8114,17-01-2021
188515305,536,2332608559,4264,31-03-2022
3993767284,537,5585986031,5044,26-05-2021
1152620681,538,5321379416,4669,13-01-2021
5790664113,539,7375033757,5472,06-09-2021
3099149993,540,6889811011,8871,29-04-2022
3399070349,541,4350383921,7625,29-05-2022
6491663914,542,4013704374,3786,29-01-2022
4199981330,543,609228994,4450,06-12-2021
1973440172,544,6803451739,7148,23-05-2021
7388072454,545,5041701253,5011,23-12-2021
6184464647,546,9440904941,5698,03-01-2021
2966593342,547,3939244619,8126,19-04-2022
8225840933,548,4054548458,5532,08-06-2022
8608505460,549,7709785638,7735,08-01-2022
6349932552,550,7218563996,6756,13-04-2021
8713528165,551,6393878975,4647,06-07-2021
7949515945,552,1360144617,4895,02-01-2022
6965587148,553,2338480953,6469,30-04-2022
1776033701,554,5933013110,5606,18-11-2021
9273575412,555,9060544463,6626,23-09-2021
1317235649,556,3413496689,8216,22-04-2022
4422887556,557,5568052522,6788,14-03-2022
2751051715,558,7408509909,8721,18-02-2021
9232066874,559,6872869593,5703,09-06-2021
3540783881,560,2641038331,5451,30-03-2021
7729009218,561,5835666519,4888,15-09-2021
6621967985,562,5089763771,5024,18-03-2021
4568888859,563,1221882600,6495,30-05-2021
5327421546,564,4321969298,3909,17-04-2022
4024406469,565,5820051386,7333,20-09-2021
351643230,566,4971132155,4741,14-02-2021
1557178593,567,9282196488,5966,03-02-2022
3078996964,568,9431627361,4760,27-03-2021
6943958526,569,860507793,6267,29-03-2022
2961752507,570,3304683704,4671,03-01-2022
1261763939,571,6456715253,8138,20-06-2022
827235674,572,8305391558,7641,08-05-2022
4615825293,573,8708988056,7361,20-10-2021
3734996643,574,4730080920,7828,27-10-2021
3115225938,575,3964770175,8817,22-04-2022
3191401776,576,9163281996,5990,25-05-2022
896127702,577,1714561682,7236,02-08-2021
4301347917,578,5417926892,7306,13-07-2022
1870947991,579,8794949093,7775,13-06-2021
9780293205,580,9910592312,6494,23-05-2021
6494230806,581,5039530501,4729,24-04-2021
6825948164,582,1648559387,7796,04-10-2021
7347989469,583,5323542497,4914,27-01-2021
6974949111,584,2417126818,7417,13-06-2022
9843879376,585,7757801257,4910,27-07-2022
8726291118,586,9102084570,8318,22-03-2022
5023896951,587,5628461695,4441,20-05-2021
694693928,588,8163178876,4391,23-11-2021
658960229,589,4394400384,7577,01-12-2021
290820006,590,1187857580,5470,10-02-2021
2023075343,591,3061253513,6303,26-11-2021
7504960055,592,9873657592,8642,08-07-2022
4853761853,593,9828621207,4176,19-01-2021
8948400347,594,9827354671,8450,24-06-2022
7777806718,595,3642378153,7040,30-06-2021
3627226429,596,5143477751,6314,18-06-2022
712838503,597,5023623688,7015,05-12-2021
8410787881,598,3556658585,4621,27-06-2021
4650770866,599,1240108818,5483,21-08-2021
589719068,600,7551171983,8593,19-12-2021
411173847,601,3126266339,5512,16-10-2021
1597561770,602,3556962829,6990,16-05-2021
2388206073,603,4278211651,6963,10-07-2021
1110470959,604,9985010736,4054,22-06-2022
2984538900,605,1970526610,5105,21-03-2021
6344089423,606,5677683175,3967,22-04-2022
4457901679,607,1476920168,6063,22-08-2021
6608229097,608,673920429,6996,30-01-2021
7177229256,609,1014303737,8280,13-09-2021
8856551845,610,9240312641,7316,27-02-2021
2427871664,611,3248465212,5296,22-06-2021
7320677636,612,7086590134,8835,06-05-2021
8965948401,613,6291069709,7877,11-12-2021
803288131,614,6025985367,4018,18-07-2022
5087302122,615,5859314167,7421,03-07-2021
128843535,616,898507383,5232,04-03-2021
976973995,617,4772606521,5511,13-03-2021
9293163268,618,714984930,8378,27-05-2021
2077593997,619,664374913,8622,17-12-2021
2749585996,620,9563036271,7812,15-02-2021
5156095356,621,3740637544,7178,15-12-2021
9079482412,622,9507955038,7796,21-07-2021
265349125,623,7337430027,7069,26-03-2022
3367498602,624,1399908952,4250,22-12-2021
2213554986,625,5816833111,7211,24-03-2022
1087431204,626,5158026238,5697,29-01-2022
7323098505,627,232972451,5463,26-06-2022
9477912409,628,3378879440,4233,23-03-2021
1565494288,629,7487381269,4727,08-05-2022
2943069485,630,4720481981,4308,20-11-2021
4620404403,631,2864149990,4806,23-06-2022
2229108476,632,2552715435,5339,26-11-2021
9236952305,633,3043270177,7257,08-05-2021
3564697721,634,6655286891,4478,24-03-2022
9924342488,635,211489395,4274,03-09-2021
3771306698,636,4449216342,8909,05-09-2021
5455108417,637,2025485336,8462,27-04-2022
5026850510,638,3596398061,5920,27-03-2021
8207956534,639,4344962613,7235,17-04-2021
1231863889,640,5981666153,7407,14-01-2021
8775250306,641,5638439994,3658,23-07-2021
8055654727,642,3004149729,8889,18-03-2021
481348727,643,9276781552,6531,07-12-2021
5915490174,644,5519015171,4218,11-06-2021
1007485086,645,1897926529,8163,10-10-2021
1822061768,646,8816353473,8212,09-10-2021
7081057683,647,1984190962,4243,18-01-2021
1505683114,648,8226457378,5000,31-12-2021
2352898943,649,5102850989,5582,17-04-2021
6144671463,650,2263021299,8965,30-03-2021
6905701661,651,1779448880,5854,08-11-2021
663365848,652,6114808223,4704,27-03-2022
7762615679,653,3388757232,6611,18-11-2021
5215504938,654,2602625477,4896,25-05-2022
2835530630,655,7286644947,6673,06-10-2021
2866617703,656,3268961428,5947,06-04-2021
1884460909,657,6797280052,8826,16-12-2021
5958540874,658,1124787895,6255,05-06-2021
1329764765,659,1793562555,6695,30-06-2022
9216449624,660,7363585393,5035,12-03-2021
230772455,661,3549559844,5443,21-07-2022
6688715805,662,7411892688,3875,19-04-2021
5118958504,663,9316264081,8180,07-04-2021
5512819615,664,2085529577,4062,08-07-2022
1407910124,665,5771805467,4391,18-03-2022
8225664841,666,5806007537,7321,29-03-2022
4295218979,667,785483918,7776,04-12-2021
8723721367,668,552015741,7543,21-07-2021
965184056,669,2694291201,7617,10-12-2021
768884519,670,7537012598,4572,31-12-2021
9079979260,671,5319290357,5055,01-06-2021
3043530810,672,4718766311,6628,01-07-2021
3467580785,673,6206153800,8129,12-09-2021
6120595201,674,2383810568,4092,23-11-2021
1137316357,675,3597330495,4585,09-04-2022
9709581716,676,6424788344,6448,27-03-2021
152061320,677,8575593153,7746,04-06-2021
9990354766,678,8795934286,4813,30-05-2021
7148999073,679,3296378952,8738,23-02-2021
5499332037,680,6910204700,5177,26-04-2021
4400670325,681,6411064474,4453,22-05-2021
4066505414,682,8795034765,4802,24-07-2022
3137596203,683,8709758402,8171,12-11-2021
3286778761,684,3243894395,8387,22-02-2021
6193479937,685,6166663854,5928,14-04-2021
411456105,686,3730064339,4811,06-05-2021
695376268,687,1904608981,3994,25-04-2022
8848509819,688,5127682559,5711,05-03-2021
2611403163,689,1540948609,4350,21-06-2022
2091822604,690,8013384535,4363,24-05-2021
5403519114,691,330688294,8439,27-05-2022
4899766009,692,4766237439,5681,17-07-2021
8688888396,693,9577315143,7616,18-02-2021
6473502785,694,7301379862,4823,12-04-2022
4893184113,695,100440134,6588,05-04-2021
2985516811,696,1217037748,4622,09-11-2021
7063435108,697,7255482945,6626,07-07-2021
6467674812,698,9695601421,3829,16-04-2021
3862610802,699,5146111855,6599,23-03-2021
3472390360,700,3294195044,6499,31-12-2021
2633556159,701,755979532,4610,06-06-2021
1094219967,702,6560247481,4386,08-01-2021
622825550,703,8085897180,6912,15-07-2021
5700814870,704,7556411257,4169,24-04-2022
7572798659,705,7513647860,5893,28-08-2021
1499135572,706,4141035823,7103,22-12-2021
1445114917,707,2396390287,5933,27-04-2022
1842437038,708,2491077493,3702,15-12-2021
5864220639,709,5758849855,6330,14-03-2022
6663310453,710,9227145532,7703,11-08-2021
9687633727,711,8671884260,8689,12-05-2021
2221580435,712,7333822443,6091,01-05-2022
8923631485,713,8987511723,6606,26-12-2021
8387282529,714,1089053894,5588,18-07-2021
6148808560,715,2937609864,7655,23-02-2022
8249124863,716,85712159,8139,18-02-2021
5802882670,717,2121248161,6684,12-12-2021
640337473,718,7201433024,4641,28-01-2022
1770094806,719,8637359663,7454,08-03-2022
7678021089,720,1906053332,6569,13-03-2021
7080890950,721,4965301714,6311,22-01-2021
9317050867,722,5634355702,6013,20-05-2021
5845954517,723,3239894661,5583,24-08-2021
5418510118,724,9984375242,8049,17-04-2021
8777831209,725,262664445,5263,17-06-2022
9433971221,726,1165184842,4147,10-08-2021
596157282,727,686717945,6680,02-05-2021
8669982528,728,9000952964,6736,25-06-2022
1981716505,729,8410434067,5857,28-02-2022
1444711709,730,3103179987,7845,25-04-2021
9734916947,731,2321554622,3688,05-02-2022
2896992413,732,6549183278,5950,09-05-2021
7058100349,733,6493085136,4965,30-03-2021
8452474733,734,2754547541,4355,03-05-2021
4190543829,735,156463032,8769,29-04-2021
2587875897,736,1585114278,6662,13-05-2022
9693359232,737,4263761944,6425,25-06-2021
2231689030,738,6354628629,4876,25-04-2022
7294891060,739,8830511927,7149,25-09-2021
6739428948,740,1317248740,7188,09-09-2021
1754287824,741,935167870,6206,15-07-2021
8802831505,742,5423012325,7436,13-02-2022
874259479,743,7999067423,5397,21-10-2021
7825652983,744,7579231999,8263,20-02-2021
4731272602,745,3085603786,5543,03-01-2021
9170286043,746,3133965174,4922,23-07-2021
5343413005,747,8622688747,5796,14-02-2022
8508929951,748,6861647330,6932,03-06-2021
5715492351,749,3516353465,7794,28-06-2022
4220097864,750,3300054583,5471,27-03-2022
5144375626,751,4127026243,7593,29-12-2021
5264192863,752,289533821,8915,14-11-2021
506297276,753,3483223827,6204,10-11-2021
345842766,754,1898547041,3918,29-05-2021
6660425004,755,11301384,8684,12-01-2022
9694539544,756,2020636425,7160,23-07-2021
695778927,757,6701477690,6706,17-08-2021
305704362,758,8828892080,6257,15-03-2022
2628136813,759,6691593057,6530,04-06-2021
7532479897,760,8558787476,3749,27-11-2021
9781733063,761,2135410675,5807,20-07-2021
2663820164,762,8774271695,6405,20-05-2022
539819050,763,4912863041,4516,30-08-2021
6041281778,764,1571290710,3984,09-05-2021
4351788887,765,9362202530,4702,29-04-2021
8997561936,766,7893223480,6333,07-10-2021
1516265017,767,6615665212,5989,23-03-2021
1425766609,768,1946290025,4743,10-01-2021
6412655514,769,4904243420,4869,05-04-2022
6979895621,770,6434683588,8559,29-01-2022
1222251264,771,1075734665,5806,18-11-2021
7268111002,772,556725239,8937,29-04-2021
3862676161,773,2650687088,3912,13-05-2022
1949724549,774,4521605648,4497,01-04-2021
7426307700,775,1951657993,5586,11-03-2021
8145313791,776,8831749137,7680,04-11-2021
342874381,777,6534297450,4328,19-11-2021
1528941160,778,222996838,5101,09-01-2021
7795273823,779,9707496576,4231,25-12-2021
8764629724,780,7816361149,4825,13-07-2022
3433947031,781,1899249400,6570,23-08-2021
1934672734,782,8323769400,8883,24-05-2022
9648033315,783,2745419293,6527,21-06-2022
5483559525,784,1857159918,6793,27-03-2022
5821049253,785,73289442,7824,29-04-2022
2982211939,786,9074265200,8433,06-08-2021
3335198751,787,188619372,7966,05-07-2022
5805467917,788,235116556,5211,09-05-2021
7012659521,789,741355019,5792,28-12-2021
4419681152,790,8239958060,7872,14-01-2021
6502322123,791,4090379563,8416,07-05-2022
1412973937,792,3791447564,5551,09-03-2022
1335507477,793,8258714899,5515,14-07-2021
841132941,794,6409736320,3933,08-01-2022
7600181401,795,162763743,8681,24-06-2021
665725418,796,8756790848,4593,08-08-2021
7682093048,797,520214234,4492,12-03-2021
6544737291,798,5672458866,8857,29-06-2021
6041591831,799,7462559455,5082,04-06-2022
4016961076,800,1507779097,6679,19-08-2021
3070579205,801,8155062643,6139,07-04-2022
3930453223,802,9916372462,3652,02-11-2021
7714044896,803,1219915726,4873,18-03-2021
3700901429,804,1932527095,6095,31-03-2021
5574115263,805,6382516392,5128,06-08-2021
5965877323,806,3114966640,3844,20-04-2021
7914566810,807,1225597684,7844,24-11-2021
5279506605,808,1493226673,8017,19-08-2021
2755610891,809,2329299869,8300,13-04-2022
74256181,810,945842821,7023,30-07-2021
2138447774,811,2719392774,4602,28-08-2021
3801472841,812,555532364,6671,30-03-2022
3896979884,813,4653615675,6660,08-04-2021
892443294,814,6126613511,3878,21-01-2021
5102862960,815,2086740158,5233,04-08-2021
899209955,816,605577633,6559,22-05-2021
7872147076,817,9010054209,4762,11-01-2021
3176271239,818,7138444974,8064,08-04-2022
8197422311,819,6523230791,6908,30-08-2021
7695682411,820,6176944198,4810,03-07-2021
2092918796,821,3050295961,8565,02-03-2022
3902334916,822,6270807581,8689,19-07-2022
6582158287,823,8237233611,6600,09-02-2022
2334974307,824,2423153589,6010,29-06-2021
9012089883,825,1896454747,4970,15-03-2022
4961895296,826,4920263635,8183,01-10-2021
4141461318,827,4593344859,7311,15-01-2021
8205975051,828,8825830300,5841,17-05-2021
4955994725,829,7333979458,5333,21-08-2021
8263576679,830,2549373804,4691,20-07-2021
3498927337,831,5000259017,5128,07-07-2021
4749405094,832,2926537506,8512,10-01-2021
7384755972,833,2959405706,4822,03-01-2022
4496889668,834,4748735279,7780,14-06-2021
9448963068,835,9452742976,8160,24-01-2021
5822521886,836,9237395671,8904,22-09-2021
2926145721,837,5564877233,8052,28-04-2022
9045123010,838,1791960383,8815,10-01-2022
7854320330,839,5978524920,6364,22-02-2021
3755674718,840,4716154270,5315,06-10-2021
2276683090,841,3279395739,6525,09-02-2021
8861369480,842,6203331988,7898,22-01-2021
8945227113,843,7967293371,4820,25-05-2022
4144615987,844,8175047011,7846,21-11-2021
2254874217,845,4928455568,8055,12-04-2021
1364907119,846,4919037163,6381,27-12-2021
2394433493,847,3311852737,5999,31-05-2022
9217029483,848,2954441712,5130,09-02-2021
8992907818,849,9817875490,4628,27-08-2021
2292938995,850,5064983581,8342,31-03-2022
2496706227,851,9917003290,4388,31-10-2021
6306414088,852,1301737763,6182,15-08-2021
3435839945,853,551393718,6618,13-09-2021
1758494301,854,5046923629,4435,10-12-2021
6790218483,855,3995295150,8601,03-07-2021
6337229223,856,7176795983,8193,19-11-2021
1472765737,857,5703097576,8248,08-12-2021
514386312,858,8733890854,4273,28-04-2021
1898293414,859,2010535375,5740,06-12-2021
3240533871,860,3288102978,4596,06-06-2021
3987590548,861,204278910,6645,21-06-2021
9623660308,862,8892033352,6482,02-07-2022
4922413499,863,9557623179,7280,08-04-2021
4179813793,864,5550822180,7088,27-04-2022
9049081185,865,5733278838,4398,06-08-2021
5338316951,866,5232457659,4199,30-08-2021
8108796725,867,9755512497,7558,10-04-2022
5723570005,868,9436498845,4123,05-01-2021
9301391791,869,5481746670,3620,27-12-2021
6395482734,870,7910677677,7006,09-01-2022
8652908435,871,6003520949,5943,27-03-2022
9383904119,872,6157278048,6106,11-02-2021
6309837095,873,6545058258,4859,24-08-2021
6661648198,874,1330777395,5258,20-03-2021
7115115788,875,4093001502,7575,30-01-2022
8121485533,876,3953491210,7858,23-07-2022
4101977224,877,2454903105,7801,14-10-2021
7603233550,878,8844866269,6010,12-05-2022
8575082043,879,6809471774,4675,23-02-2022
3445141584,880,3519014742,8863,06-06-2021
9968079707,881,5025609534,7088,20-06-2021
1952540577,882,6996404525,4140,04-10-2021
534811841,883,3545680193,4656,06-08-2021
8305465772,884,4770636342,4139,26-09-2021
5675519696,885,7964982184,8376,13-08-2021
8179716449,886,3969628741,4745,06-05-2021
6424472215,887,7692578508,6988,18-03-2022
6414852198,888,6601705799,8493,19-01-2022
9004788425,889,7881031255,6499,08-06-2021
741772167,890,473254360,6764,07-09-2021
862591678,891,139334629,7694,26-05-2021
281626111,892,1724204084,4544,20-05-2022
3930035766,893,2923097149,7016,24-02-2022
6222652220,894,4236507226,6750,28-01-2022
1969725478,895,6687973975,4390,04-03-2022
4428274335,896,8470871765,8651,14-06-2022
8416644527,897,4439869726,6344,22-06-2022
6450831243,898,1842607561,6617,16-03-2022
8222852280,899,8009526630,8894,02-04-2021
5543185138,900,2022277465,5925,30-06-2021
3173604822,901,9009471594,8282,03-12-2021
2174126818,902,9572310933,8491,14-12-2021
7966042618,903,5279473227,8137,28-03-2022
2083640306,904,8533315252,8472,08-04-2021
5045992422,905,2196496251,3965,31-05-2022
5936540928,906,1435532201,8865,26-05-2022
6698207586,907,7946581009,4061,02-06-2021
350765545,908,5189351130,8682,16-02-2021
6013997500,909,2284909434,8715,02-10-2021
821764950,910,4403298087,7052,31-01-2022
9364891686,911,8080372675,5667,24-05-2021
5316619714,912,5839701149,6866,13-06-2021
7510125049,913,6400802835,6055,09-07-2021
7874678907,914,657557,4190,04-10-2021
4248103141,915,1100047948,4074,29-09-2021
7680350388,916,8576305976,8641,19-09-2021
6789076719,917,6048578679,6915,05-07-2021
2693823439,918,7543099578,4751,03-02-2021
2204045241,919,7404485959,4572,02-10-2021
6071718139,920,4195313104,5031,17-06-2021
8006958726,921,9875037753,8373,22-03-2021
3185882709,922,7582010051,4676,22-06-2022
6166543859,923,1086457684,7858,29-03-2022
6569445596,924,2007394529,8952,12-02-2021
8189549138,925,8587673912,3925,23-03-2021
4734108978,926,1839337710,8229,17-08-2021
1881222187,927,9685956642,5114,06-10-2021
3680891164,928,3937134751,5734,24-06-2021
4826106211,929,7212329657,4562,09-07-2021
9498509883,930,4280899134,8330,15-10-2021
1520710852,931,6627823152,5373,10-04-2021
7950612231,932,3811791311,8315,03-12-2021
7977628759,933,4607417475,3962,31-05-2022
4438660211,934,998789909,5987,14-04-2021
4245804041,935,9093121561,4342,27-07-2022
4805903023,936,6959237424,4251,11-04-2022
2384772546,937,5292198633,7625,20-04-2021
1585729280,938,8672676203,5957,19-06-2022
250304910,939,9367745478,7558,09-09-2021
7933350712,940,3223377972,5745,04-10-2021
2466599309,941,2711207323,4769,18-12-2021
6195459909,942,3131725648,6284,24-07-2022
1184935173,943,578925028,7115,21-05-2021
1911523139,944,7741951467,8318,17-01-2021
1073972577,945,2410631533,7610,24-05-2022
1335929452,946,1174030747,8757,09-07-2021
9160816597,947,718229975,7481,26-01-2022
5534118849,948,6230270013,6615,25-11-2021
620147415,949,9331056230,4344,09-12-2021
6798027903,950,760083746,4236,04-06-2021
5646326087,951,4155693615,8898,20-03-2021
8789546431,952,8803464735,8862,02-05-2021
3727031689,953,5230614900,4513,17-02-2021
4556635357,954,9074187765,4210,18-04-2021
5987678110,955,9031063428,8175,08-05-2021
3213646075,956,2126736997,4455,30-07-2021
928990885,957,2458186572,4192,12-02-2022
8006819815,958,5297038790,4274,28-08-2021
8327060384,959,2677220660,8636,19-05-2022
2911024664,960,621002992,8789,08-05-2022
7767732754,961,5826210974,8668,08-09-2021
6286283706,962,7822329057,8194,18-03-2022
4946012869,963,9432075885,6977,22-02-2022
9869001165,964,535696035,4629,24-02-2022
5044303658,965,7216562852,4262,20-10-2021
4771969140,966,3396023757,5466,04-03-2022
4459844176,967,3887163311,6729,10-10-2021
9987840515,968,2566116687,6738,28-04-2022
6208847354,969,3082538371,5393,29-09-2021
6891864305,970,5093084204,5496,24-01-2022
1555257755,971,6070386116,5096,13-02-2021
909157693,972,5057265032,5786,26-04-2021
7407794758,973,3735194206,6585,01-03-2022
8682647710,974,8317683915,3804,28-11-2021
6811849320,975,6526508073,6953,11-03-2021
2284342809,976,5921564605,5934,10-04-2021
3501426275,977,1536674230,6980,11-06-2022
4576381962,978,3596802687,7680,04-11-2021
7741516752,979,7893875542,8072,31-03-2021
4988624293,980,6329178534,4559,26-02-2021
1226374212,981,1904749364,8935,08-05-2021
4621679767,982,4330665166,4096,06-05-2021
9896198985,983,7513665419,7972,15-07-2021
8707927533,984,4507878098,6855,19-11-2021
4832529137,985,9623252668,5375,07-03-2021
3772509088,986,6214695501,7599,05-05-2021
661522903,987,7651770714,8484,02-07-2022
3469828059,988,9186673807,5912,20-10-2021
9674611584,989,9349355159,8087,13-08-2021
2071812875,990,6915816046,5395,09-11-2021
837156823,991,2831141656,8549,19-10-2021
4708416601,992,5903578810,6869,26-01-2021
5470828425,993,3403205347,5134,18-07-2022
923551468,994,8516294323,8209,05-04-2021
8252603343,995,863241174,7499,21-08-2021
2278861182,996,1126317950,4716,03-04-2022
4735363254,997,7276090841,5341,22-04-2022
4369834589,998,3171816326,6900,02-05-2022
8502959964,999,7967588975,8572,30-10-2021
9853592584,1000,5170552696,3877,01-02-2021
