Training ID,User ID,Course ID,Status,Completion Percentage,Start Date,Finish Date,Last Updated
8603718210,1,9169654182,Incomplete,87,12-06-2012,19-11-2014,06-07-2020
5382431205,2,9466724797,Incomplete,84,13-01-2012,02-03-2014,21-05-2020
3788588721,3,1787138445,Incomplete,92,16-08-2012,21-06-2013,12-06-2020
4665660514,4,8427751036,Incomplete,96,11-06-2012,11-08-2014,29-10-2019
1165795787,5,8994988319,Incomplete,47,07-05-2012,23-04-2014,22-05-2020
5441249943,6,8528151506,Incomplete,97,25-06-2011,21-11-2013,07-03-2020
1153913259,7,6844404050,Incomplete,40,28-07-2011,07-07-2014,22-03-2020
6346562703,8,4173793952,Incomplete,42,19-01-2012,26-09-2013,06-07-2020
8500092653,9,187659575,Incomplete,27,16-06-2011,17-08-2014,27-07-2020
433052058,10,6311392275,Incomplete,28,24-11-2011,31-03-2013,17-03-2020
2241943681,11,1965062679,Incomplete,53,27-08-2011,18-06-2013,26-01-2020
4858643263,12,1318049679,Incomplete,59,19-06-2012,23-10-2013,24-09-2019
1450897673,13,5785759942,Incomplete,12,24-11-2012,29-03-2014,18-05-2019
643535748,14,1531834663,Incomplete,10,02-12-2012,22-12-2013,12-03-2020
6880027083,15,8433982613,Incomplete,34,13-01-2011,08-09-2014,20-02-2020
6520396036,16,4009942177,Incomplete,78,19-01-2011,01-02-2015,05-01-2020
5935453010,17,5727735998,Incomplete,41,11-11-2011,19-07-2014,07-04-2019
6243178129,18,199944784,Incomplete,94,27-11-2011,20-09-2014,17-05-2019
371336228,19,2584729113,Incomplete,97,16-09-2011,30-11-2014,02-03-2020
8817265691,20,7974745223,Incomplete,18,24-05-2012,04-04-2014,14-01-2019
4474659481,21,4288863627,Incomplete,98,26-10-2011,27-04-2013,06-12-2019
5349631675,22,8023503618,Incomplete,36,09-04-2011,07-06-2015,01-01-2019
4239101328,23,8987580644,Incomplete,38,27-03-2011,12-07-2014,19-12-2019
414280598,24,3923712502,Incomplete,2,31-08-2012,23-05-2014,31-07-2019
8220455896,25,7581174476,Incomplete,7,07-01-2011,12-12-2013,29-12-2019
6631499232,26,1653571780,Incomplete,90,18-11-2012,24-12-2013,10-03-2019
6552169167,27,756594022,Incomplete,78,20-03-2011,25-03-2015,18-06-2020
8886652534,28,2733054767,Incomplete,34,23-03-2011,22-01-2014,05-04-2020
5593652376,29,1073984478,Incomplete,90,09-11-2012,01-10-2014,01-11-2019
5109402388,30,9000904072,Incomplete,46,13-08-2011,07-10-2013,02-06-2019
5663176748,31,4267069239,Incomplete,92,16-05-2012,30-06-2013,26-11-2019
7216668561,32,4450213475,Incomplete,1,13-02-2011,18-05-2015,17-02-2019
7147979265,33,6915298673,Incomplete,23,09-09-2012,09-06-2013,28-02-2020
1383956812,34,1012043274,Incomplete,7,29-10-2011,04-12-2013,03-03-2020
9541407943,35,89348923,Incomplete,92,15-09-2011,23-11-2013,03-04-2020
6836225649,36,1976416310,Incomplete,34,04-07-2012,07-03-2014,06-05-2020
8416821852,37,5645184475,Incomplete,3,07-10-2012,25-12-2014,15-04-2019
5312121916,38,9661554420,Incomplete,16,08-07-2012,08-05-2015,09-06-2019
7236295477,39,3303162409,Incomplete,57,06-05-2012,05-02-2014,28-06-2019
7171448320,40,2509635751,Incomplete,75,25-08-2011,20-06-2014,08-02-2019
4212340070,41,5324012963,Incomplete,25,15-02-2011,21-08-2013,13-11-2019
9014736622,42,2555250875,Incomplete,41,01-09-2011,07-02-2014,14-06-2020
8710774653,43,3248715871,Incomplete,26,31-07-2011,17-04-2015,07-06-2020
8442294449,44,3554257206,Incomplete,85,26-09-2012,27-03-2013,23-06-2020
1537686844,45,8444551937,Incomplete,71,07-09-2012,03-05-2015,25-03-2020
9289576618,46,8449575737,Incomplete,21,05-03-2012,11-03-2015,23-01-2020
1682765482,47,3866731213,Incomplete,93,23-03-2011,13-05-2015,12-04-2020
9703753779,48,7394109828,Incomplete,15,27-04-2012,20-05-2013,05-03-2019
4457056650,49,4362428518,Incomplete,50,19-10-2012,10-03-2013,17-04-2020
181342715,50,2867718600,Incomplete,95,29-11-2011,16-01-2015,24-07-2020
9706872965,51,560362501,Incomplete,88,16-06-2012,30-03-2013,27-08-2019
7523139442,52,8714724944,Incomplete,33,27-02-2012,22-06-2013,27-02-2020
3097377107,53,6878395593,Incomplete,40,02-07-2012,13-12-2013,14-07-2020
3233573685,54,4491427615,Incomplete,74,28-02-2012,20-03-2015,06-11-2019
517742470,55,7418290020,Incomplete,65,18-05-2011,07-03-2015,07-07-2019
3558713303,56,4688923503,Incomplete,98,05-05-2012,21-03-2014,08-02-2020
3261060654,57,1240693648,Incomplete,85,13-07-2012,22-11-2014,30-09-2019
554676788,58,448916479,Incomplete,73,19-02-2012,27-08-2014,08-08-2019
6312416240,59,9599170032,Incomplete,82,25-06-2011,15-02-2014,05-11-2019
1347564691,60,1371524025,Incomplete,27,16-04-2011,15-11-2013,01-03-2020
9742285667,61,1845417968,Incomplete,93,09-06-2012,15-08-2013,18-08-2019
4404505213,62,3111659275,Incomplete,22,22-12-2012,13-02-2013,04-04-2020
2616785285,63,6770242478,Incomplete,78,22-08-2011,04-10-2013,29-03-2019
6911692458,64,5241184295,Incomplete,56,24-07-2012,11-03-2014,10-01-2020
1572779039,65,5446837916,Incomplete,56,31-07-2012,04-09-2013,24-07-2020
1153816164,66,1395757755,Incomplete,47,10-11-2011,25-10-2013,05-11-2019
2466014300,67,1667164899,Incomplete,25,03-11-2012,25-06-2013,28-05-2019
6854697212,68,2457269059,Incomplete,17,03-04-2011,28-07-2013,19-04-2019
8250474198,69,2576557473,Incomplete,51,08-09-2011,03-07-2015,21-11-2019
6210117376,70,6235841906,Incomplete,91,26-01-2011,06-11-2013,31-01-2020
9867475941,71,642929734,Incomplete,5,24-03-2012,16-02-2014,08-07-2019
9306144067,72,2011338565,Incomplete,44,25-07-2011,20-04-2015,28-12-2019
3549531915,73,4608413325,Incomplete,24,28-10-2012,21-06-2013,06-05-2020
2722418045,74,9298578008,Incomplete,82,15-09-2011,21-04-2015,13-04-2019
8675901771,75,8533802277,Complete,100,13-06-2012,17-03-2014,21-03-2020
1511828595,76,4827323550,Incomplete,75,13-09-2011,02-08-2013,05-02-2019
5325387898,77,6170649720,Incomplete,2,10-09-2012,05-03-2015,03-10-2019
5410134419,78,5887438932,Incomplete,54,17-12-2012,20-02-2015,04-01-2020
6654555988,79,1674158815,Incomplete,10,20-05-2012,07-02-2015,18-06-2019
9216969725,80,9494664469,Incomplete,62,03-05-2012,26-02-2014,16-08-2019
2782538160,81,3144078514,Incomplete,19,06-09-2012,23-03-2013,02-01-2019
460629514,82,8588873001,Incomplete,88,02-04-2011,18-02-2015,15-12-2019
319426998,83,8803482202,Incomplete,84,17-03-2011,09-03-2013,07-07-2019
7110709043,84,8329472477,Incomplete,15,01-02-2011,16-02-2015,15-05-2019
6754713852,85,9372686638,Incomplete,80,29-06-2012,26-06-2014,05-02-2019
968296661,86,2187751252,Incomplete,44,02-09-2011,11-03-2014,16-05-2020
2078625973,87,1658266609,Incomplete,9,18-11-2011,06-12-2013,15-02-2019
5653714364,88,8179740218,Incomplete,4,10-06-2012,23-04-2013,18-05-2020
7694310197,89,2923816730,Incomplete,85,08-08-2012,06-08-2014,17-06-2019
393627578,90,3927072370,Incomplete,60,08-05-2012,22-01-2014,13-03-2020
3995082661,91,863448070,Incomplete,38,31-10-2011,27-02-2013,19-06-2020
5219436163,92,3932130537,Incomplete,96,14-10-2012,16-11-2014,20-02-2019
5332443323,93,7036070315,Incomplete,5,06-03-2011,03-02-2014,03-06-2019
2756609420,94,2778184376,Incomplete,90,16-12-2012,23-03-2015,22-05-2019
5911582422,95,9221161285,Incomplete,74,22-09-2011,12-02-2015,03-03-2020
3208117272,96,8000430193,Incomplete,59,30-08-2011,25-01-2014,13-06-2020
9498620156,97,7949985550,Incomplete,74,20-10-2012,31-07-2014,26-01-2020
3623347205,98,2154772544,Incomplete,11,08-06-2012,21-02-2014,22-10-2019
3348117682,99,9039365474,Incomplete,88,12-06-2012,06-02-2015,01-11-2019
8815901922,100,8120281497,Incomplete,46,28-11-2011,04-02-2015,23-09-2019
6224137765,101,7859321580,Incomplete,82,20-01-2012,24-07-2013,17-09-2019
7165951377,102,379438798,Incomplete,2,17-07-2011,16-06-2014,02-05-2019
4382089905,103,3417360390,Incomplete,9,01-02-2011,12-01-2015,22-11-2019
4567198735,104,5100744944,Incomplete,48,18-09-2011,18-12-2013,16-07-2019
4826484445,105,9805811859,Incomplete,95,12-10-2011,10-08-2014,21-12-2019
4521219411,106,9575798694,Incomplete,56,16-03-2011,18-03-2014,24-09-2019
6551485251,107,2626083364,Incomplete,40,08-03-2011,17-05-2013,04-07-2019
1540899616,108,4218336490,Incomplete,26,07-01-2011,03-10-2013,26-03-2020
914472658,109,1400459044,Incomplete,63,10-03-2011,19-02-2015,29-04-2019
7136610745,110,7998794534,Incomplete,26,16-08-2012,02-07-2013,24-05-2020
8892082272,111,362970866,Incomplete,8,17-11-2011,01-01-2015,13-07-2020
1195706030,112,6426608041,Incomplete,48,20-05-2011,28-07-2013,03-07-2020
7893278765,113,9221683176,Incomplete,82,12-07-2012,31-08-2013,04-06-2019
2479093611,114,8985687794,Incomplete,61,24-12-2011,12-05-2014,08-09-2019
9878942112,115,3031670337,Incomplete,77,06-03-2012,28-07-2015,09-02-2019
2579729712,116,9123099682,Incomplete,28,01-06-2011,02-01-2014,26-10-2019
4013025647,117,3322641708,Incomplete,40,10-10-2011,12-09-2013,14-03-2020
3806274916,118,8659566572,Incomplete,97,05-03-2011,20-06-2013,26-03-2020
2197573810,119,5234409333,Incomplete,58,27-09-2012,21-09-2014,03-07-2019
9703350046,120,102825637,Incomplete,40,20-03-2012,24-09-2014,05-09-2019
3318618713,121,8753384849,Incomplete,86,01-05-2011,28-12-2013,12-04-2020
3545054233,122,7424726455,Incomplete,41,25-11-2011,03-09-2013,23-01-2020
8304981998,123,2655994272,Incomplete,94,01-11-2011,31-05-2013,26-08-2019
4297753715,124,3126138543,Incomplete,49,30-03-2011,22-02-2014,16-02-2019
4084675660,125,6893386044,Incomplete,37,24-03-2012,29-05-2015,23-01-2020
8061463288,126,1671493605,Incomplete,95,22-07-2011,14-06-2013,18-10-2019
7968462045,127,7467306253,Incomplete,67,30-03-2011,30-10-2013,26-03-2019
8151681586,128,1386973467,Incomplete,50,25-09-2011,30-10-2013,21-01-2020
7136930871,129,6173419394,Incomplete,63,07-09-2012,31-12-2013,01-02-2020
8911305405,130,3051053422,Incomplete,7,26-01-2012,14-05-2013,23-02-2020
717243060,131,2716405441,Incomplete,35,23-10-2012,23-01-2015,15-05-2020
1801526397,132,276272285,Incomplete,88,23-04-2012,12-09-2014,23-09-2019
3957398703,133,2142707602,Incomplete,56,03-01-2011,02-08-2013,25-04-2019
2116545684,134,8574838063,Incomplete,54,14-04-2012,11-06-2013,14-07-2019
1771502223,135,9384042722,Incomplete,32,29-10-2012,09-01-2014,22-06-2020
2519687509,136,8291048061,Incomplete,1,15-04-2011,05-09-2013,17-08-2019
4710505543,137,203765338,Incomplete,29,02-01-2012,03-11-2013,20-05-2019
5134458790,138,8317095592,Incomplete,35,11-04-2012,21-06-2014,10-01-2020
8504170977,139,1674918003,Incomplete,28,15-06-2011,31-08-2013,02-10-2019
1985722968,140,8571015325,Incomplete,86,24-06-2011,16-05-2014,02-04-2020
5836360707,141,9196141387,Incomplete,32,31-05-2012,30-05-2015,19-04-2020
3421055513,142,4629808965,Incomplete,48,22-05-2012,07-01-2013,25-10-2019
5422137027,143,2822079455,Incomplete,12,07-10-2012,31-08-2013,09-04-2020
866318631,144,618820205,Incomplete,96,23-10-2012,14-06-2015,17-08-2019
128664576,145,9332346070,Incomplete,27,19-09-2011,26-09-2014,18-07-2019
1908870168,146,8747553219,Incomplete,43,24-06-2011,22-05-2013,20-01-2020
5438218315,147,7474788438,Incomplete,85,27-08-2011,19-11-2013,16-04-2019
5496898560,148,6653280802,Incomplete,24,17-04-2011,21-07-2013,13-05-2019
834359685,149,9821173160,Incomplete,77,28-03-2011,01-05-2015,26-09-2019
7985056254,150,2503482317,Incomplete,62,25-11-2011,13-05-2013,25-01-2019
8321360556,151,8108374383,Incomplete,79,26-09-2011,27-09-2014,20-10-2019
9552317622,152,6591580573,Incomplete,58,10-10-2012,03-05-2013,21-03-2020
9490078905,153,384317820,Incomplete,36,30-08-2012,18-02-2014,08-04-2020
6616488926,154,4818652415,Incomplete,12,25-02-2011,08-12-2013,26-03-2019
1240939086,155,1725286718,Incomplete,10,25-10-2011,23-02-2013,31-05-2019
3967809102,156,7475868974,Incomplete,72,02-07-2011,26-10-2013,03-03-2020
2817389271,157,5606488922,Incomplete,91,18-11-2011,26-05-2013,30-07-2019
7298847082,158,5130345932,Incomplete,16,31-08-2011,05-03-2013,14-01-2019
6984098351,159,6200301506,Incomplete,67,02-06-2011,11-05-2015,25-07-2020
4327669962,160,8499282342,Incomplete,15,13-02-2012,15-02-2014,17-06-2020
4349900993,161,6010639905,Incomplete,19,12-12-2012,19-03-2015,26-01-2019
5848310629,162,9171061835,Incomplete,61,14-08-2012,02-10-2013,29-01-2020
1522022872,163,8852774408,Incomplete,38,29-01-2012,23-12-2013,21-05-2020
1280654910,164,9993809098,Incomplete,84,28-12-2011,21-11-2014,28-05-2020
2699450065,165,7709946194,Incomplete,5,05-01-2012,18-11-2014,06-05-2019
9998264987,166,6346761668,Incomplete,21,19-03-2011,14-05-2013,22-04-2020
9686004971,167,6737817610,Incomplete,30,28-02-2012,31-07-2014,22-12-2019
6273505888,168,1243870605,Incomplete,76,25-01-2012,10-04-2015,29-09-2019
814812295,169,700330755,Incomplete,45,18-04-2012,24-06-2015,24-01-2020
8194208963,170,6534131633,Incomplete,96,16-09-2011,16-06-2015,10-04-2020
1843600072,171,5884094124,Incomplete,53,30-04-2012,26-01-2013,02-08-2019
2850515213,172,5993521597,Incomplete,38,28-02-2012,11-07-2015,07-04-2019
7236891053,173,302552480,Incomplete,35,06-02-2012,12-09-2014,09-12-2019
9004763031,174,6056757218,Incomplete,78,12-09-2012,12-03-2013,28-08-2019
6095370493,175,4808554526,Incomplete,2,06-10-2012,25-06-2013,10-01-2020
6931554913,176,2227170700,Incomplete,93,22-03-2011,02-11-2014,11-08-2019
592169464,177,4760331735,Incomplete,96,07-06-2011,27-10-2013,22-12-2019
409570583,178,2775757391,Incomplete,81,21-05-2011,15-01-2013,02-05-2019
9995761882,179,9464379979,Incomplete,2,01-04-2012,19-10-2014,28-09-2019
4983884548,180,6797668506,Incomplete,40,02-01-2011,10-02-2014,05-09-2019
4525413530,181,7002274228,Incomplete,10,13-03-2011,08-01-2013,21-12-2019
8372646147,182,8030623747,Incomplete,51,18-05-2011,13-12-2013,06-01-2020
5472529913,183,423759728,Incomplete,41,21-09-2012,08-09-2013,21-04-2019
5431376500,184,9844688507,Incomplete,91,02-12-2011,29-06-2015,11-07-2020
4473947742,185,4629003983,Incomplete,29,13-05-2011,26-04-2014,12-01-2020
8816706422,186,5456507013,Incomplete,15,05-01-2011,08-05-2015,09-05-2020
1590368819,187,2235874444,Incomplete,39,23-08-2012,09-05-2013,14-04-2019
5145440995,188,5494470857,Complete,100,22-09-2012,29-08-2013,05-02-2020
3252934558,189,9175786478,Incomplete,52,20-11-2012,19-08-2014,16-01-2019
5655016591,190,7482082697,Incomplete,68,31-03-2012,09-03-2014,17-08-2019
5937548507,191,9155923968,Incomplete,11,11-05-2012,13-12-2013,17-04-2019
2794776452,192,8817886637,Incomplete,39,16-05-2012,04-07-2014,21-12-2019
5912406679,193,5065511519,Incomplete,14,03-10-2012,14-01-2015,29-09-2019
3770591666,194,4841848630,Incomplete,82,18-10-2012,19-03-2015,09-07-2019
1372922970,195,6584610721,Incomplete,92,31-03-2012,26-04-2013,08-02-2019
3605236111,196,8853465611,Incomplete,12,09-07-2011,18-01-2013,27-09-2019
2144407169,197,3170614061,Incomplete,52,30-11-2012,14-02-2015,23-01-2019
1314966642,198,8486630347,Incomplete,40,06-10-2011,23-01-2013,08-09-2019
137792867,199,1922211095,Incomplete,74,27-01-2011,05-02-2015,26-12-2019
4496352125,200,4236214385,Incomplete,83,16-03-2012,14-03-2015,17-05-2020
5012492242,201,6092706075,Incomplete,75,01-12-2012,06-11-2014,14-05-2019
7020764010,202,3593786362,Incomplete,41,01-04-2011,28-07-2013,11-05-2019
9090094970,203,2289149004,Incomplete,85,11-01-2012,13-10-2014,19-06-2020
9182583943,204,4423377500,Incomplete,25,14-01-2011,21-03-2015,23-07-2019
5876489808,205,5741892116,Incomplete,60,19-10-2011,09-02-2015,11-06-2020
5626186727,206,6667125855,Incomplete,84,21-11-2011,15-06-2013,21-07-2020
6068986411,207,2726126952,Incomplete,14,28-01-2012,19-06-2013,26-02-2019
4694687581,208,6203226106,Incomplete,57,09-01-2011,25-10-2013,22-05-2019
3634840803,209,7055934974,Incomplete,1,08-05-2012,26-05-2015,02-11-2019
9167651569,210,5260716191,Incomplete,2,26-04-2012,06-10-2014,06-04-2020
4387098600,211,8063104854,Incomplete,15,17-01-2011,10-01-2013,13-01-2020
9114027437,212,742930912,Incomplete,40,24-09-2011,26-02-2015,18-11-2019
1656285932,213,7717825740,Incomplete,5,21-01-2012,29-04-2013,28-09-2019
3283446822,214,3770453786,Incomplete,48,18-02-2012,19-02-2015,17-11-2019
1199445479,215,4693211826,Incomplete,34,05-07-2011,17-09-2014,18-06-2020
6935609380,216,5809288529,Incomplete,42,04-11-2012,26-07-2015,16-09-2019
6947037530,217,8063699866,Incomplete,95,14-08-2011,25-05-2013,21-02-2020
3793512045,218,8247613522,Complete,100,14-06-2011,29-03-2015,21-03-2020
1128504081,219,1290209235,Incomplete,70,20-10-2012,09-01-2013,16-07-2019
6619784119,220,37489623,Incomplete,58,22-04-2011,14-02-2014,21-07-2019
8541596230,221,5396478632,Incomplete,94,17-05-2011,15-03-2015,21-10-2019
3920900340,222,3869854227,Incomplete,98,13-02-2011,17-12-2013,15-03-2020
1426281307,223,6462237589,Incomplete,40,24-06-2011,05-06-2015,13-07-2019
2868416349,224,1808214544,Incomplete,65,02-10-2012,23-03-2013,08-05-2019
4760521747,225,3780979365,Incomplete,89,07-04-2012,21-05-2014,14-10-2019
3267759722,226,9806137884,Incomplete,21,05-08-2011,07-03-2013,26-04-2019
6025088462,227,4007107882,Incomplete,69,13-01-2011,19-01-2015,10-10-2019
7037006114,228,3400547972,Incomplete,16,30-08-2012,15-07-2013,29-10-2019
6121813709,229,6026642099,Incomplete,10,08-10-2012,13-05-2013,27-03-2019
3647765546,230,2066979643,Incomplete,27,17-02-2012,27-01-2015,15-09-2019
812815653,231,9615100935,Incomplete,53,30-10-2012,11-03-2015,11-01-2019
910926913,232,3849259617,Incomplete,70,17-08-2011,11-12-2013,12-06-2020
4797259604,233,2000900135,Incomplete,47,16-10-2011,15-09-2014,12-02-2020
6774830757,234,9639554448,Incomplete,87,16-05-2012,14-05-2014,09-02-2020
9177865081,235,3284153284,Incomplete,58,15-02-2011,27-04-2015,28-01-2020
8382364063,236,1257789473,Incomplete,63,28-09-2012,23-04-2015,10-01-2019
4558909896,237,6402480185,Incomplete,12,21-03-2011,02-11-2013,02-12-2019
295874376,238,334516056,Incomplete,11,24-05-2012,07-03-2015,29-09-2019
9506866171,239,9643276864,Incomplete,25,18-03-2011,27-10-2013,09-04-2020
4313945733,240,4160761283,Incomplete,66,06-10-2012,26-04-2015,31-08-2019
294634185,241,5902440483,Incomplete,19,11-06-2011,15-06-2015,30-05-2020
668727411,242,3252404443,Incomplete,61,21-01-2011,13-05-2013,08-04-2020
6685925027,243,4840051712,Incomplete,74,03-09-2012,31-10-2014,03-04-2019
980363446,244,4185794436,Incomplete,82,14-05-2012,17-09-2014,08-04-2019
9108861129,245,2264064455,Incomplete,99,26-01-2011,02-10-2013,11-03-2019
7124911583,246,8171286089,Incomplete,3,09-04-2011,07-04-2015,21-01-2020
3154695826,247,7205677734,Incomplete,55,28-11-2011,05-12-2014,05-07-2020
5228572651,248,8224772241,Incomplete,15,19-05-2011,28-11-2014,16-03-2019
9499880763,249,3747913822,Incomplete,62,27-11-2012,10-04-2015,06-03-2020
2596568381,250,171342186,Incomplete,77,07-08-2011,17-06-2015,29-04-2019
6620120857,251,1843742829,Incomplete,97,13-10-2012,05-10-2013,01-05-2019
914453742,252,8139430803,Incomplete,10,31-10-2011,08-06-2014,14-10-2019
9397403397,253,4692974532,Incomplete,56,11-08-2011,25-02-2014,26-01-2019
1170022286,254,5880806871,Incomplete,53,09-01-2012,07-07-2014,22-07-2019
7135293436,255,2387948718,Complete,100,29-04-2011,21-04-2015,02-12-2019
7823587254,256,8648110270,Incomplete,15,29-10-2011,12-04-2013,30-01-2020
4895595528,257,6548907663,Incomplete,36,17-03-2011,22-04-2014,14-05-2020
3568503956,258,3880027234,Incomplete,49,12-02-2012,16-06-2015,23-05-2020
6560151883,259,6059050026,Incomplete,69,19-08-2011,07-04-2015,11-06-2019
2867881242,260,859256170,Complete,100,31-08-2011,02-02-2014,30-05-2019
6998593678,261,3957423902,Incomplete,44,26-04-2012,28-07-2015,03-03-2019
6431703081,262,7597888368,Incomplete,23,17-03-2012,03-03-2014,29-12-2019
2535059363,263,2859943730,Incomplete,87,28-01-2011,30-01-2013,14-03-2020
1057319368,264,4520023815,Incomplete,14,13-09-2012,21-11-2013,10-08-2019
9485361920,265,7856998482,Incomplete,55,31-10-2012,02-02-2015,12-02-2019
9892045378,266,7800366162,Incomplete,54,17-09-2012,13-03-2013,12-12-2019
3579664913,267,4160679692,Incomplete,38,24-02-2011,05-07-2013,15-07-2019
8885427146,268,5817452782,Incomplete,65,28-03-2012,16-07-2013,24-10-2019
3613896354,269,1240668406,Incomplete,78,20-10-2012,09-12-2013,10-06-2019
4548866795,270,6925125534,Incomplete,13,16-11-2012,16-10-2013,31-03-2020
5586163039,271,4676978928,Incomplete,80,24-10-2012,16-05-2015,12-10-2019
6400489010,272,6849724487,Incomplete,67,12-11-2011,06-03-2014,27-02-2019
5391981379,273,7625500667,Incomplete,50,01-12-2011,17-07-2014,21-01-2020
841163766,274,6164703689,Incomplete,2,14-12-2011,08-03-2013,13-12-2019
4616901376,275,8431471131,Incomplete,71,01-05-2012,19-04-2014,13-07-2019
1925814823,276,7915356364,Incomplete,12,01-06-2011,20-10-2014,20-06-2019
3330307455,277,8159624654,Incomplete,96,16-02-2012,28-07-2013,08-03-2020
1098393252,278,6277476815,Incomplete,6,12-05-2012,05-07-2015,09-08-2019
230790437,279,767065301,Incomplete,22,11-02-2011,13-02-2015,29-10-2019
5474239343,280,8278870098,Incomplete,6,06-01-2011,20-09-2013,28-07-2019
770561225,281,2213743584,Incomplete,39,14-10-2011,23-11-2013,11-06-2019
1368092284,282,3343646180,Incomplete,66,16-02-2012,10-06-2015,08-06-2019
6874867016,283,4183851920,Incomplete,78,02-04-2012,04-07-2015,18-08-2019
9498752621,284,910309434,Incomplete,83,17-07-2012,18-05-2014,30-04-2019
2546714325,285,5963947189,Incomplete,97,16-04-2012,07-10-2013,21-03-2019
415400341,286,6703857644,Incomplete,33,24-08-2011,06-12-2013,08-07-2020
7978483606,287,9681693493,Incomplete,5,01-05-2011,03-03-2014,02-04-2020
9802150312,288,5683343380,Incomplete,90,15-04-2012,30-06-2015,15-06-2020
5299365446,289,5970490636,Incomplete,29,23-01-2012,01-09-2014,03-05-2019
458033391,290,3863735757,Incomplete,65,20-02-2012,05-10-2014,14-01-2020
8902992349,291,6940416862,Incomplete,7,14-01-2011,03-08-2014,08-11-2019
6662283320,292,1569084718,Incomplete,15,11-03-2012,21-06-2015,03-06-2019
8272595508,293,3793616487,Incomplete,56,22-08-2011,01-06-2014,25-03-2019
1453186611,294,8006137080,Incomplete,74,02-12-2011,27-06-2015,23-12-2019
7404232740,295,9570298162,Incomplete,48,12-08-2012,09-05-2014,26-06-2019
7150537359,296,7303421432,Incomplete,8,20-10-2011,29-09-2014,22-11-2019
5030475729,297,2302717864,Incomplete,73,01-05-2011,24-07-2014,19-11-2019
7380625438,298,3846743976,Incomplete,17,07-09-2012,21-08-2014,29-04-2020
8884149533,299,3764296372,Incomplete,41,07-07-2012,06-01-2015,30-08-2019
5084656799,300,217275656,Incomplete,50,13-12-2012,02-01-2013,17-05-2019
7811133253,301,5177128679,Incomplete,49,22-09-2011,09-01-2014,16-04-2020
9204918152,302,6288751081,Incomplete,21,25-10-2011,28-02-2015,24-03-2019
2773343247,303,780980468,Incomplete,42,30-06-2012,06-08-2013,11-04-2019
8866175293,304,4498082516,Incomplete,94,19-10-2012,14-07-2014,23-07-2019
6883633685,305,3617881866,Incomplete,86,31-07-2012,19-05-2014,21-06-2019
1618376225,306,9164580776,Incomplete,19,11-01-2011,07-09-2013,01-03-2019
6043346796,307,5959344114,Incomplete,52,01-10-2011,23-07-2015,26-07-2020
4374816747,308,4742963318,Incomplete,92,10-09-2011,24-08-2014,28-07-2020
9627363626,309,6820070144,Incomplete,57,09-08-2012,09-09-2013,03-11-2019
9921900048,310,2246517273,Incomplete,81,07-02-2012,22-04-2014,22-08-2019
935243437,311,6062054150,Incomplete,94,11-09-2012,12-11-2013,23-09-2019
3333487454,312,5849103562,Incomplete,51,25-04-2012,18-03-2014,20-02-2019
1212152336,313,6644095119,Incomplete,53,15-10-2012,10-04-2014,13-04-2019
8569434154,314,1508054711,Incomplete,15,15-10-2012,18-04-2014,17-10-2019
9341245591,315,5068469092,Incomplete,7,29-11-2011,26-04-2015,23-07-2019
4828292470,316,3006375106,Incomplete,77,21-07-2011,08-07-2013,21-02-2019
2113199254,317,9931719931,Incomplete,70,04-05-2011,12-03-2013,24-06-2019
3075636142,318,8700807826,Incomplete,36,15-09-2012,11-10-2014,19-04-2019
6270578914,319,8329264270,Incomplete,22,29-10-2011,27-12-2013,23-04-2019
4198233187,320,6667293731,Incomplete,32,23-01-2012,15-01-2013,27-07-2020
7020391699,321,9456089665,Incomplete,22,12-11-2011,04-01-2014,04-03-2020
4957587884,322,6104467776,Incomplete,96,18-12-2012,22-02-2015,17-07-2020
6010668603,323,2822151520,Incomplete,51,22-01-2011,27-04-2014,19-08-2019
6237633200,324,5769161191,Incomplete,42,18-03-2012,02-07-2015,11-03-2019
8874428200,325,6959486475,Incomplete,60,28-10-2012,01-10-2013,12-01-2020
1814571302,326,6328960115,Incomplete,70,17-07-2011,29-06-2015,16-07-2019
3725564329,327,574541276,Incomplete,87,05-06-2012,24-08-2014,25-01-2020
988495902,328,8711048492,Incomplete,49,07-03-2012,25-05-2014,03-09-2019
2739192932,329,8071929999,Incomplete,76,21-11-2011,31-08-2013,21-06-2019
3417834139,330,8707263597,Incomplete,84,12-01-2012,03-06-2015,29-04-2019
6354974179,331,8891916145,Incomplete,70,14-11-2011,06-05-2014,28-02-2019
3211430350,332,3597946275,Incomplete,29,16-05-2011,03-04-2015,06-03-2020
5262387837,333,244939985,Incomplete,78,29-09-2012,07-12-2013,13-02-2020
7138434308,334,844868833,Incomplete,89,02-10-2012,07-04-2014,25-03-2019
6842114241,335,9019602985,Incomplete,3,21-02-2012,30-10-2013,02-09-2019
9075567766,336,8554913434,Incomplete,71,21-02-2011,16-07-2014,13-01-2019
8035719521,337,9184154535,Incomplete,17,05-06-2011,26-05-2015,11-07-2019
1987770862,338,1847471056,Incomplete,52,11-11-2011,19-07-2013,03-02-2020
2814304216,339,3981465008,Incomplete,86,25-05-2011,22-09-2014,27-12-2019
3204398048,340,3574497679,Incomplete,55,01-11-2012,26-01-2014,02-02-2019
9110627057,341,2373043599,Incomplete,6,25-10-2012,21-08-2013,23-07-2019
2910252892,342,2961438632,Incomplete,46,14-12-2012,02-06-2015,06-04-2020
2144247234,343,1410868346,Incomplete,49,29-09-2012,26-05-2015,04-07-2019
2146669853,344,2317574517,Incomplete,53,20-03-2012,09-04-2015,17-04-2020
1157697836,345,5640166460,Incomplete,79,10-09-2012,02-01-2014,29-11-2019
7482979956,346,28655753,Incomplete,27,25-06-2012,25-04-2015,01-04-2019
6166040148,347,9463783245,Incomplete,92,23-05-2011,23-07-2015,19-02-2020
4123017274,348,1603932798,Incomplete,83,24-05-2012,23-02-2014,10-11-2019
3844192611,349,8203484638,Incomplete,92,02-11-2012,14-09-2014,15-09-2019
7032310206,350,9081941062,Incomplete,44,01-10-2012,14-01-2015,04-07-2019
7268684312,351,7596659918,Incomplete,90,18-11-2011,20-07-2013,27-12-2019
1146468849,352,4001916398,Incomplete,12,02-09-2011,07-01-2013,23-04-2020
1294427016,353,9465924725,Incomplete,75,23-10-2011,12-01-2014,18-02-2019
2896630120,354,7835588358,Incomplete,81,11-06-2012,19-08-2014,12-01-2020
9978315209,355,998173444,Incomplete,45,05-12-2011,19-02-2015,21-12-2019
6702398891,356,1309408262,Incomplete,18,24-06-2011,21-07-2014,19-01-2019
2247090826,357,7172507258,Incomplete,2,25-05-2012,02-04-2014,04-02-2019
2849507563,358,55433243,Incomplete,40,08-09-2011,30-10-2013,10-05-2020
4853386483,359,6432048532,Incomplete,92,22-02-2012,29-03-2015,21-03-2019
51120291,360,9974942934,Incomplete,15,14-11-2012,03-11-2014,29-11-2019
2333377429,361,8164625728,Incomplete,43,25-11-2011,25-05-2013,11-04-2020
3013273143,362,3937814116,Incomplete,29,03-02-2011,02-01-2013,03-07-2019
5076770731,363,7956954975,Incomplete,93,20-06-2012,09-11-2014,16-12-2019
5363544121,364,9555785953,Incomplete,5,26-10-2011,18-12-2014,21-06-2020
521324459,365,1847548016,Incomplete,53,15-05-2012,15-05-2013,07-05-2019
5805116626,366,3418003605,Incomplete,16,02-06-2012,13-04-2013,20-06-2020
8586190055,367,1811087701,Incomplete,12,20-07-2011,17-04-2013,09-05-2019
7926905747,368,9072553462,Incomplete,6,31-10-2011,07-05-2013,20-04-2019
8252746764,369,4765006603,Incomplete,89,23-06-2011,20-05-2014,05-11-2019
3538415439,370,8020790640,Incomplete,50,19-09-2012,07-09-2013,13-05-2019
3077406543,371,9470368819,Incomplete,71,20-01-2012,31-05-2013,24-03-2019
6666012321,372,375462988,Incomplete,89,15-02-2012,10-07-2014,12-07-2020
3198227259,373,2159131350,Incomplete,29,31-08-2011,27-10-2013,27-09-2019
3164858078,374,4961475726,Incomplete,89,18-06-2011,16-09-2014,14-12-2019
171609433,375,445336935,Incomplete,59,21-04-2012,24-01-2015,05-04-2019
5477864222,376,1774014599,Incomplete,72,06-02-2011,12-08-2013,04-05-2020
6401277815,377,3786955115,Incomplete,18,13-10-2011,14-12-2013,02-06-2019
6843695833,378,6430786072,Incomplete,39,18-05-2011,31-03-2015,27-06-2019
5517127339,379,9723153041,Incomplete,9,17-03-2011,17-06-2014,29-01-2019
2396490125,380,6754033169,Incomplete,43,14-05-2011,31-05-2013,10-03-2020
407978062,381,5518678827,Incomplete,18,10-11-2011,23-03-2014,05-06-2019
6000241666,382,3570118029,Incomplete,13,12-05-2012,30-03-2015,09-09-2019
898604060,383,7997920560,Incomplete,35,05-06-2012,28-12-2014,08-09-2019
2443768651,384,1967880689,Incomplete,85,02-06-2012,01-05-2015,16-07-2020
5750491552,385,9420858359,Incomplete,5,17-10-2011,28-01-2013,03-06-2019
6916474785,386,392400529,Incomplete,51,11-07-2011,11-10-2014,07-02-2020
9438709274,387,6578598901,Incomplete,93,12-03-2012,12-07-2015,09-04-2019
6011968805,388,4965982924,Incomplete,57,24-10-2012,19-12-2014,23-05-2020
7863844576,389,5730884583,Incomplete,25,07-07-2011,19-12-2013,17-12-2019
2960163648,390,6689600696,Incomplete,75,01-01-2012,02-05-2014,07-02-2019
4460766604,391,4501099828,Incomplete,63,14-08-2011,27-06-2014,13-12-2019
9410108691,392,3024584803,Incomplete,1,27-02-2012,16-09-2013,24-06-2019
3838323165,393,167045881,Incomplete,74,04-12-2011,05-01-2014,29-12-2019
4884599756,394,7156351087,Incomplete,85,26-10-2011,19-08-2014,25-10-2019
9238685274,395,144274256,Incomplete,47,25-01-2012,21-05-2014,30-07-2019
592014983,396,6818261167,Incomplete,69,29-10-2012,28-12-2013,13-12-2019
3366345357,397,2077409835,Incomplete,16,02-07-2011,17-11-2013,28-02-2019
8934293101,398,8350195754,Incomplete,69,28-02-2011,25-12-2014,25-05-2019
138280096,399,8926763897,Incomplete,26,13-12-2011,17-07-2013,01-01-2020
3502980446,400,8151565330,Incomplete,11,25-02-2011,20-01-2014,23-02-2019
7819823917,401,5207220799,Incomplete,20,23-05-2012,10-01-2013,19-03-2020
4856226428,402,8898803850,Incomplete,9,28-02-2012,12-05-2014,17-01-2020
278939058,403,8112632707,Incomplete,56,01-12-2012,03-04-2015,27-03-2019
3632920575,404,967798833,Incomplete,11,30-01-2012,31-05-2014,28-05-2019
4046699493,405,6056514897,Incomplete,37,30-10-2012,01-02-2013,08-12-2019
7401174936,406,8501075132,Incomplete,55,09-04-2012,19-01-2014,27-04-2019
2582068896,407,3514812438,Incomplete,97,10-12-2011,22-12-2014,02-01-2019
7383261895,408,3132676527,Incomplete,64,13-07-2011,01-03-2015,12-05-2020
5397339628,409,3286407011,Incomplete,44,21-12-2011,05-01-2015,10-06-2019
6273322627,410,6638580396,Incomplete,19,03-10-2012,23-06-2014,11-01-2019
6133868295,411,5580386087,Incomplete,33,13-12-2012,24-01-2013,29-06-2019
2218153610,412,8443270616,Incomplete,49,24-10-2011,13-02-2013,12-02-2019
3099771104,413,1646208897,Incomplete,87,26-08-2012,11-09-2014,21-09-2019
587628529,414,8526887513,Incomplete,33,01-11-2011,17-11-2013,20-04-2019
3879525900,415,7215427765,Incomplete,27,19-12-2011,14-12-2013,16-06-2020
8514490184,416,1318419557,Incomplete,14,22-10-2011,14-03-2013,11-12-2019
6737731058,417,7324223761,Incomplete,53,22-06-2012,24-11-2014,04-01-2019
6671245606,418,2718229152,Incomplete,62,30-07-2011,14-07-2014,29-09-2019
7402173348,419,7370112624,Incomplete,16,24-02-2012,13-06-2015,20-01-2019
8584697721,420,9798779002,Incomplete,91,03-10-2012,27-04-2013,30-06-2019
2209896703,421,9042198982,Incomplete,10,11-04-2012,05-09-2014,23-03-2019
3556938820,422,1054033900,Incomplete,27,08-03-2011,07-08-2013,29-03-2020
5010573148,423,4517089398,Incomplete,80,27-12-2011,05-11-2013,11-03-2019
915755033,424,6916827777,Incomplete,27,21-07-2011,24-07-2013,03-04-2020
942019431,425,6652979357,Incomplete,92,02-01-2012,05-01-2013,30-03-2019
4921340897,426,4946186328,Incomplete,77,18-01-2012,25-01-2015,27-01-2020
74509578,427,8451716601,Incomplete,26,19-01-2011,31-05-2015,08-02-2019
5269724472,428,6150563340,Incomplete,20,09-02-2011,21-05-2015,24-01-2019
2161343149,429,3166516824,Incomplete,2,17-03-2012,29-04-2013,31-05-2020
6444690498,430,5544454167,Incomplete,92,09-12-2011,30-03-2014,05-04-2019
714190101,431,2960035275,Incomplete,93,01-04-2012,23-04-2014,17-08-2019
8645366193,432,5312484083,Incomplete,62,12-03-2012,23-05-2015,16-05-2019
1655687956,433,4805533099,Incomplete,3,07-06-2012,15-07-2015,21-05-2019
1378472365,434,3438771349,Incomplete,48,19-09-2011,14-06-2013,23-05-2019
743979257,435,5581687064,Incomplete,27,09-04-2012,04-02-2015,23-03-2020
510641202,436,5254884444,Incomplete,25,30-01-2011,03-12-2014,15-01-2019
667477373,437,79600301,Incomplete,14,15-06-2012,26-04-2015,17-08-2019
7015408376,438,8939729439,Incomplete,63,12-04-2011,18-01-2014,13-03-2020
1821376080,439,4773767219,Incomplete,8,13-12-2012,08-11-2013,11-08-2019
4756366317,440,2780221216,Incomplete,77,21-02-2012,19-02-2015,16-07-2020
9862347430,441,2441566911,Incomplete,9,30-05-2011,19-04-2014,08-10-2019
6679924871,442,5937603834,Incomplete,29,08-07-2011,09-04-2015,20-04-2019
6776137900,443,5301316761,Incomplete,71,19-12-2012,24-02-2013,09-03-2020
3426854716,444,2424002339,Incomplete,94,10-01-2011,29-10-2013,20-04-2019
5716092624,445,3284312226,Incomplete,59,09-07-2012,25-05-2014,18-03-2020
5529168612,446,3670470611,Incomplete,91,06-03-2011,20-10-2014,15-03-2020
4696588122,447,353432253,Incomplete,43,19-11-2011,20-09-2013,19-09-2019
2190311845,448,1334211728,Incomplete,22,27-06-2011,25-02-2013,29-08-2019
3295051410,449,1689528486,Incomplete,99,09-05-2011,23-01-2013,24-06-2020
3361358779,450,6243114961,Incomplete,91,21-01-2011,15-12-2013,29-06-2019
5880794113,451,5331921035,Incomplete,89,23-10-2012,26-04-2014,21-04-2020
4588455699,452,7854993645,Incomplete,26,28-11-2012,29-04-2013,19-02-2019
5880351653,453,3357878658,Incomplete,79,21-11-2012,31-05-2015,17-05-2019
100867103,454,4746917698,Incomplete,4,06-09-2011,17-01-2015,05-03-2019
1253527547,455,1769392041,Incomplete,66,26-02-2012,08-12-2014,21-10-2019
7843134107,456,4725141070,Incomplete,93,03-10-2011,06-04-2013,08-02-2019
3817748477,457,1295009897,Incomplete,14,14-10-2012,04-02-2013,20-01-2020
8649243916,458,6319632119,Incomplete,18,07-01-2012,05-02-2013,05-07-2020
1250099536,459,2155124678,Incomplete,37,08-05-2012,10-02-2014,23-11-2019
3264609134,460,2925481833,Incomplete,9,26-06-2012,06-08-2014,21-09-2019
337143420,461,599591935,Incomplete,5,07-06-2012,02-02-2013,12-03-2020
6481345146,462,3847062468,Incomplete,54,09-09-2012,02-07-2015,07-07-2020
4100312083,463,7113429785,Incomplete,39,01-01-2011,15-05-2015,01-01-2020
6826989549,464,4441895151,Incomplete,3,17-07-2012,05-02-2014,23-03-2020
8610522237,465,6879904440,Incomplete,60,10-01-2011,21-07-2015,14-06-2019
6561696387,466,3949234047,Incomplete,39,18-01-2012,06-08-2014,01-07-2020
8874233884,467,8616161570,Incomplete,8,02-09-2011,20-10-2014,29-04-2020
7230764742,468,4301368892,Incomplete,45,05-04-2012,18-05-2014,29-12-2019
6404652714,469,5151075780,Incomplete,37,13-10-2011,19-04-2015,31-08-2019
6232647122,470,2904602623,Incomplete,48,28-08-2011,06-03-2014,15-09-2019
4468168331,471,3782497821,Incomplete,87,31-03-2011,28-05-2014,26-02-2020
7192749192,472,4614367364,Incomplete,13,18-12-2011,26-03-2013,23-07-2020
5798432653,473,4699839096,Incomplete,13,30-05-2012,13-05-2014,05-03-2019
1816190179,474,7618512884,Incomplete,32,07-01-2012,19-11-2014,16-05-2019
7201370766,475,488215455,Incomplete,55,16-11-2012,19-11-2013,14-07-2020
7716054732,476,2642304078,Incomplete,71,16-07-2011,20-04-2015,25-06-2019
8371309554,477,7487956849,Incomplete,68,30-09-2012,19-08-2014,11-06-2020
9648054355,478,7716560506,Incomplete,99,02-04-2011,19-05-2013,28-02-2020
8500230096,479,4613283736,Incomplete,22,25-10-2011,09-06-2015,16-03-2019
6333943770,480,1488436754,Incomplete,16,24-09-2011,09-01-2013,01-08-2019
8220870370,481,3033374638,Incomplete,60,21-10-2012,27-07-2013,22-03-2020
4511992789,482,6216718002,Incomplete,48,22-01-2012,28-03-2014,19-06-2019
2844781179,483,7569761413,Incomplete,41,30-11-2011,11-03-2014,06-01-2019
7375121788,484,1453128735,Incomplete,66,15-12-2011,12-04-2014,03-05-2020
8496770052,485,3473776971,Incomplete,62,16-02-2011,11-12-2014,24-02-2019
1014247721,486,8061068567,Incomplete,90,26-03-2012,16-04-2014,06-12-2019
6684368876,487,4948802654,Incomplete,34,23-07-2011,16-03-2013,24-06-2020
1193128951,488,4460194767,Incomplete,36,27-10-2012,21-05-2015,03-06-2020
3226655051,489,1906853584,Incomplete,45,14-02-2012,26-05-2014,06-11-2019
6504068690,490,7597734980,Incomplete,41,30-09-2012,13-04-2013,25-01-2020
5242372052,491,9687908769,Incomplete,3,21-09-2011,31-05-2014,15-03-2019
51353423,492,3226795295,Incomplete,23,01-02-2012,10-08-2014,10-10-2019
9052228906,493,1865402028,Complete,100,08-02-2012,20-02-2014,22-07-2019
2083600509,494,9961818377,Incomplete,59,19-11-2012,24-03-2014,10-07-2020
2899627015,495,7324320643,Incomplete,72,10-04-2011,08-10-2013,02-03-2020
7073022841,496,303262982,Incomplete,99,09-03-2012,28-02-2013,26-08-2019
1731425937,497,6965125543,Incomplete,6,08-09-2011,23-11-2013,12-07-2019
8048434431,498,1327881403,Incomplete,46,19-03-2012,25-09-2013,17-03-2019
3981801334,499,2989426582,Incomplete,80,22-07-2012,06-07-2013,18-07-2019
8095475076,500,5202254938,Incomplete,97,07-07-2011,29-05-2015,27-07-2019
1511452552,501,1803790466,Incomplete,97,28-02-2012,23-03-2013,07-06-2020
1188247557,502,2001019394,Incomplete,10,26-07-2012,09-03-2015,13-06-2020
431501718,503,8200215083,Incomplete,52,24-03-2011,24-04-2015,18-02-2020
2638148407,504,380463970,Incomplete,96,12-01-2012,15-12-2014,13-07-2019
2054404837,505,5216495282,Incomplete,97,30-06-2012,04-06-2013,10-06-2020
6384889757,506,9019547038,Incomplete,19,19-09-2011,26-09-2013,13-09-2019
9850482486,507,6453384183,Incomplete,20,28-03-2012,15-05-2013,26-06-2019
8845817393,508,2452626732,Incomplete,83,30-07-2011,01-04-2014,24-05-2019
4754929055,509,7139236593,Incomplete,1,07-10-2012,06-03-2013,06-10-2019
9911037592,510,708434932,Incomplete,57,07-03-2011,29-06-2015,17-11-2019
2370098406,511,6961768555,Incomplete,58,21-09-2011,19-01-2014,20-05-2019
2305497962,512,7205281962,Incomplete,87,21-10-2011,06-08-2014,22-02-2019
2652322583,513,4545578012,Incomplete,22,10-04-2011,08-01-2014,17-05-2019
8568662013,514,8447419886,Incomplete,50,10-07-2011,16-01-2013,29-10-2019
7253248449,515,6797913535,Incomplete,29,13-05-2011,08-02-2014,17-01-2020
9006194492,516,1813158037,Incomplete,53,29-07-2012,19-06-2013,02-03-2020
363483993,517,1732393338,Incomplete,11,26-07-2011,04-07-2014,28-04-2020
9787109671,518,1996097784,Incomplete,54,13-10-2012,05-01-2014,13-03-2020
5862009051,519,8318345312,Incomplete,9,05-11-2012,27-08-2013,04-07-2019
8427565453,520,8109285236,Incomplete,57,15-02-2012,13-07-2013,24-03-2020
5879513637,521,296159530,Incomplete,15,29-10-2011,24-05-2013,17-09-2019
169876934,522,2449876170,Incomplete,22,05-02-2012,04-05-2015,25-07-2020
2623630488,523,2888697254,Incomplete,44,16-08-2011,27-05-2015,26-07-2020
6173479095,524,4061100718,Incomplete,12,08-10-2012,08-02-2014,14-05-2019
9643118959,525,5563356841,Incomplete,32,29-02-2012,13-06-2015,03-09-2019
4659460029,526,4027250915,Incomplete,55,17-06-2011,24-04-2014,17-11-2019
1937132943,527,6869472521,Incomplete,59,23-04-2012,20-04-2013,12-05-2019
2422961002,528,2830016327,Incomplete,30,18-12-2012,25-03-2013,06-11-2019
70650748,529,9055089966,Incomplete,72,12-05-2011,28-11-2013,20-10-2019
9932535273,530,5063425070,Incomplete,82,17-09-2012,22-05-2015,15-12-2019
5967454918,531,7212230065,Incomplete,40,04-08-2012,27-05-2013,23-08-2019
590811185,532,5806150119,Incomplete,46,09-02-2011,20-03-2013,05-05-2019
3583093283,533,5071296330,Incomplete,44,26-11-2012,27-07-2015,03-06-2019
1842503944,534,2098504128,Incomplete,90,04-04-2012,11-03-2015,21-05-2019
5448179754,535,6572813185,Incomplete,25,20-07-2011,24-07-2015,06-03-2019
6168489053,536,2332608559,Incomplete,16,13-12-2011,09-12-2014,23-08-2019
8953268397,537,5585986031,Incomplete,92,02-01-2012,05-06-2015,14-03-2020
9893836522,538,5321379416,Incomplete,99,29-08-2012,21-08-2014,23-04-2020
1406902888,539,7375033757,Incomplete,16,02-10-2011,16-06-2013,19-12-2019
5737517438,540,6889811011,Incomplete,90,05-02-2011,09-09-2014,29-05-2019
1161177655,541,4350383921,Incomplete,98,15-11-2011,20-04-2013,08-07-2020
6117944438,542,4013704374,Incomplete,49,29-12-2011,09-12-2014,22-07-2020
1348526602,543,609228994,Incomplete,54,19-02-2012,18-01-2015,14-05-2020
1393313655,544,6803451739,Incomplete,58,31-08-2012,26-02-2015,16-07-2020
8598738166,545,5041701253,Incomplete,32,27-05-2011,28-02-2013,04-04-2020
882049275,546,9440904941,Incomplete,51,19-09-2011,21-03-2015,18-09-2019
8397531858,547,3939244619,Incomplete,57,10-08-2012,01-10-2014,29-12-2019
9252132228,548,4054548458,Incomplete,59,16-12-2011,27-05-2014,15-06-2020
8544783694,549,7709785638,Incomplete,41,01-02-2011,28-12-2014,22-05-2020
2245942574,550,7218563996,Incomplete,4,09-03-2012,07-01-2014,07-09-2019
134851714,551,6393878975,Incomplete,38,02-07-2012,03-09-2014,06-03-2019
5999613426,552,1360144617,Incomplete,41,22-01-2011,20-04-2014,13-05-2020
5547071927,553,2338480953,Incomplete,47,04-10-2011,20-01-2013,02-03-2019
4810892360,554,5933013110,Incomplete,84,26-03-2012,16-12-2014,17-02-2019
6280247619,555,9060544463,Incomplete,85,04-07-2012,26-04-2014,23-01-2020
8625518281,556,3413496689,Incomplete,43,29-09-2011,10-09-2013,08-06-2020
6719946676,557,5568052522,Incomplete,55,08-04-2012,23-03-2014,25-06-2019
1575391244,558,7408509909,Incomplete,40,18-10-2012,22-01-2014,31-01-2019
8587821814,559,6872869593,Incomplete,33,14-09-2012,23-06-2014,07-05-2020
4472946750,560,2641038331,Incomplete,2,27-02-2012,01-12-2013,08-03-2020
1513066137,561,5835666519,Incomplete,30,28-03-2011,01-07-2015,01-02-2019
2385429462,562,5089763771,Incomplete,44,23-02-2011,28-02-2015,03-09-2019
3708357639,563,1221882600,Incomplete,76,08-02-2012,12-01-2013,10-01-2019
2313420620,564,4321969298,Incomplete,97,19-08-2011,25-10-2013,05-04-2019
2231516365,565,5820051386,Incomplete,1,02-12-2011,10-04-2014,20-05-2020
3675399745,566,4971132155,Incomplete,69,06-07-2011,19-05-2014,29-12-2019
2542833257,567,9282196488,Incomplete,2,26-08-2011,15-02-2013,30-05-2020
4468548215,568,9431627361,Incomplete,79,31-05-2012,31-03-2015,31-01-2020
1167965094,569,860507793,Incomplete,65,23-06-2012,01-11-2013,07-12-2019
6635533044,570,3304683704,Incomplete,73,25-06-2011,28-08-2013,23-01-2020
9122506225,571,6456715253,Incomplete,25,30-01-2011,03-04-2015,26-01-2020
5558204397,572,8305391558,Incomplete,37,24-11-2012,07-06-2015,14-01-2019
1887474870,573,8708988056,Incomplete,39,29-12-2012,13-04-2013,27-11-2019
2845994680,574,4730080920,Incomplete,94,11-03-2012,21-01-2015,10-10-2019
4887637764,575,3964770175,Incomplete,1,24-03-2012,22-06-2014,28-06-2019
1430489618,576,9163281996,Incomplete,89,17-08-2012,17-05-2013,12-12-2019
1689461071,577,1714561682,Incomplete,98,28-01-2012,23-08-2013,19-02-2019
7900399879,578,5417926892,Incomplete,80,20-04-2012,16-11-2013,06-07-2019
7631769486,579,8794949093,Incomplete,24,13-12-2012,28-01-2013,05-06-2019
4149441502,580,9910592312,Incomplete,87,11-06-2012,23-01-2015,10-04-2020
8729277434,581,5039530501,Incomplete,27,28-05-2011,06-10-2014,18-09-2019
3022476973,582,1648559387,Incomplete,20,06-04-2011,18-09-2014,24-04-2020
7647250337,583,5323542497,Incomplete,40,27-02-2012,22-04-2014,03-10-2019
2488684074,584,2417126818,Incomplete,76,24-02-2012,29-04-2014,11-04-2019
2543756531,585,7757801257,Incomplete,63,07-06-2012,14-06-2013,09-06-2020
1654117188,586,9102084570,Incomplete,70,08-11-2012,18-08-2013,25-02-2019
8802011974,587,5628461695,Incomplete,44,05-02-2011,13-06-2014,08-11-2019
5162707244,588,8163178876,Incomplete,49,15-09-2012,19-03-2013,12-05-2019
2498205055,589,4394400384,Incomplete,29,11-07-2012,29-05-2015,01-05-2019
4938712768,590,1187857580,Incomplete,22,04-11-2012,26-01-2014,18-10-2019
7616948219,591,3061253513,Incomplete,81,28-05-2011,01-02-2013,19-06-2020
6434763786,592,9873657592,Incomplete,30,23-07-2011,28-10-2014,19-07-2019
4236083930,593,9828621207,Incomplete,33,26-09-2012,13-09-2014,11-04-2020
1038974909,594,9827354671,Incomplete,71,11-10-2012,07-05-2015,29-05-2020
6194953861,595,3642378153,Incomplete,50,22-07-2012,17-07-2015,16-04-2019
5757280700,596,5143477751,Incomplete,35,07-05-2011,25-11-2013,12-06-2019
7440571096,597,5023623688,Complete,100,22-06-2012,11-08-2014,09-04-2019
5240000743,598,3556658585,Incomplete,85,19-11-2012,31-03-2015,29-04-2019
2537176774,599,1240108818,Incomplete,85,20-02-2011,08-03-2014,26-10-2019
7490936578,600,7551171983,Incomplete,92,31-03-2012,13-07-2013,28-01-2019
9859237492,601,3126266339,Incomplete,99,04-05-2012,23-07-2013,16-03-2020
8719822960,602,3556962829,Incomplete,76,29-06-2012,03-08-2013,08-05-2020
2253073164,603,4278211651,Incomplete,60,24-06-2012,21-05-2013,05-09-2019
3374094694,604,9985010736,Incomplete,18,24-04-2012,20-06-2013,14-01-2020
9191026989,605,1970526610,Incomplete,24,05-01-2012,16-09-2014,29-05-2019
9494279336,606,5677683175,Incomplete,35,03-09-2011,15-02-2015,10-12-2019
8985443682,607,1476920168,Incomplete,41,18-12-2012,31-01-2013,13-09-2019
4329895781,608,673920429,Incomplete,33,20-08-2011,25-06-2015,26-03-2020
3130477357,609,1014303737,Incomplete,4,24-04-2012,03-06-2015,15-05-2019
4878170166,610,9240312641,Incomplete,7,13-12-2011,05-04-2014,05-02-2020
6728792775,611,3248465212,Incomplete,50,19-08-2012,17-08-2014,14-02-2020
897234030,612,7086590134,Incomplete,40,18-07-2011,01-05-2013,20-05-2019
6061802420,613,6291069709,Incomplete,49,31-01-2011,22-09-2013,07-02-2019
4085854267,614,6025985367,Incomplete,28,04-01-2012,06-07-2015,09-04-2020
275521567,615,5859314167,Incomplete,96,28-11-2012,13-09-2013,25-03-2020
5756591621,616,898507383,Incomplete,53,11-03-2011,14-10-2014,16-03-2019
2231722496,617,4772606521,Incomplete,71,17-04-2012,02-10-2014,18-06-2019
539049719,618,714984930,Incomplete,17,07-02-2011,12-10-2013,06-02-2019
9796817993,619,664374913,Incomplete,5,02-05-2012,31-01-2015,09-04-2019
2158945257,620,9563036271,Incomplete,57,03-04-2011,23-06-2013,27-03-2020
328089680,621,3740637544,Incomplete,19,16-01-2012,13-04-2015,30-07-2019
6788840989,622,9507955038,Complete,100,07-07-2012,24-10-2014,10-04-2020
984181644,623,7337430027,Incomplete,24,25-03-2012,08-07-2013,09-03-2019
1349252026,624,1399908952,Incomplete,60,18-07-2012,03-02-2015,07-03-2020
9309966386,625,5816833111,Incomplete,29,15-12-2011,30-09-2013,22-04-2019
5717587082,626,5158026238,Incomplete,94,03-05-2011,17-02-2015,10-04-2019
5751219139,627,232972451,Incomplete,38,24-08-2011,10-05-2014,02-01-2019
7631027056,628,3378879440,Incomplete,37,28-07-2011,04-04-2014,11-04-2020
2052403175,629,7487381269,Incomplete,51,18-10-2012,29-01-2015,21-07-2020
6024619146,630,4720481981,Incomplete,93,02-12-2011,20-01-2014,11-02-2020
7313523831,631,2864149990,Incomplete,82,21-05-2012,22-09-2013,16-04-2019
8991193390,632,2552715435,Incomplete,55,29-08-2012,22-06-2013,10-02-2019
4117915991,633,3043270177,Incomplete,18,19-12-2011,08-08-2014,09-10-2019
2843195187,634,6655286891,Incomplete,17,21-09-2012,03-06-2014,23-02-2019
3447352485,635,211489395,Incomplete,20,19-06-2011,24-07-2015,21-03-2020
2891479645,636,4449216342,Incomplete,56,11-08-2011,30-11-2014,18-04-2020
712413448,637,2025485336,Incomplete,19,19-07-2011,23-06-2013,14-02-2020
7629848137,638,3596398061,Incomplete,19,11-08-2011,04-07-2014,20-10-2019
9523108069,639,4344962613,Incomplete,56,06-04-2012,29-12-2014,30-01-2020
3099648264,640,5981666153,Incomplete,84,03-03-2012,20-12-2014,11-02-2020
7778734265,641,5638439994,Incomplete,30,18-08-2011,07-04-2013,29-08-2019
3246845654,642,3004149729,Incomplete,99,21-09-2011,05-03-2015,10-06-2019
7015722070,643,9276781552,Incomplete,3,12-12-2012,21-02-2015,02-03-2020
2120464014,644,5519015171,Incomplete,64,08-06-2012,02-09-2014,14-04-2020
4328912127,645,1897926529,Incomplete,49,20-10-2011,10-09-2013,26-01-2020
4732466664,646,8816353473,Incomplete,92,10-11-2012,11-12-2013,10-04-2019
6996715636,647,1984190962,Incomplete,93,02-10-2011,27-03-2015,18-04-2019
9612570159,648,8226457378,Incomplete,16,03-12-2012,08-10-2014,30-05-2019
5175825631,649,5102850989,Incomplete,39,02-11-2011,16-02-2015,08-06-2020
7275073188,650,2263021299,Incomplete,46,02-12-2011,27-02-2015,17-06-2020
8745458057,651,1779448880,Complete,100,12-09-2012,26-08-2013,01-09-2019
7736657947,652,6114808223,Incomplete,66,12-08-2011,04-04-2013,14-08-2019
6631542111,653,3388757232,Incomplete,6,03-12-2011,10-02-2013,02-03-2019
4368185765,654,2602625477,Incomplete,2,03-02-2012,20-05-2013,08-04-2019
1832151824,655,7286644947,Incomplete,76,11-09-2011,14-04-2015,15-11-2019
2228685054,656,3268961428,Incomplete,21,13-07-2011,03-05-2015,26-05-2019
848128303,657,6797280052,Incomplete,42,09-09-2011,05-04-2013,16-02-2019
8245301124,658,1124787895,Incomplete,53,10-11-2011,31-03-2013,24-10-2019
2829243986,659,1793562555,Incomplete,97,18-12-2012,21-12-2013,12-05-2020
2967395978,660,7363585393,Incomplete,70,16-01-2012,03-03-2014,23-03-2019
8936945998,661,3549559844,Incomplete,96,13-07-2011,05-02-2014,24-06-2019
8265105746,662,7411892688,Incomplete,28,14-03-2012,15-08-2014,03-12-2019
299986918,663,9316264081,Incomplete,69,10-07-2012,05-08-2013,11-05-2020
7094483376,664,2085529577,Incomplete,45,08-11-2011,21-02-2015,23-05-2019
1025833899,665,5771805467,Incomplete,33,18-06-2011,07-05-2015,23-08-2019
9618309053,666,5806007537,Incomplete,12,25-03-2012,24-06-2013,28-03-2019
5594940588,667,785483918,Incomplete,72,10-04-2012,04-07-2015,27-08-2019
5555906471,668,552015741,Incomplete,59,21-12-2012,09-03-2014,10-11-2019
3897519704,669,2694291201,Incomplete,79,14-09-2012,03-12-2013,15-07-2019
7487199800,670,7537012598,Incomplete,22,28-03-2012,30-12-2014,15-03-2019
4461429717,671,5319290357,Incomplete,92,30-03-2012,26-01-2015,10-03-2019
346554454,672,4718766311,Incomplete,43,06-10-2012,27-05-2015,11-09-2019
9678315343,673,6206153800,Incomplete,89,27-02-2011,14-06-2014,11-07-2020
376541822,674,2383810568,Incomplete,58,10-11-2012,04-10-2014,22-12-2019
6593379956,675,3597330495,Incomplete,30,29-02-2012,12-11-2013,23-05-2019
5681093662,676,6424788344,Incomplete,8,11-02-2012,12-06-2013,17-12-2019
7630855699,677,8575593153,Incomplete,72,20-08-2012,28-03-2014,30-05-2020
8337865180,678,8795934286,Incomplete,16,07-12-2012,27-08-2013,08-03-2019
8460698,679,3296378952,Incomplete,48,14-05-2011,07-01-2015,08-03-2019
506295044,680,6910204700,Incomplete,83,06-12-2012,02-09-2013,22-05-2019
8747311010,681,6411064474,Incomplete,70,14-04-2012,13-08-2013,24-05-2020
787397113,682,8795034765,Incomplete,70,28-07-2011,10-08-2014,23-02-2019
4253036066,683,8709758402,Incomplete,72,24-11-2012,17-03-2013,20-01-2019
4330736578,684,3243894395,Incomplete,42,20-04-2012,05-05-2015,04-04-2019
4544697182,685,6166663854,Incomplete,87,19-01-2012,31-01-2013,13-08-2019
3484088117,686,3730064339,Incomplete,53,02-02-2011,01-02-2014,03-05-2020
3374954324,687,1904608981,Incomplete,36,17-11-2012,04-03-2014,25-12-2019
3023792712,688,5127682559,Incomplete,93,02-04-2012,22-06-2013,26-05-2020
9288807306,689,1540948609,Incomplete,97,19-04-2012,19-03-2014,23-09-2019
8552294265,690,8013384535,Incomplete,77,19-03-2011,18-01-2015,30-06-2020
5081017183,691,330688294,Incomplete,42,20-07-2011,18-11-2014,16-03-2019
7497967975,692,4766237439,Incomplete,63,17-02-2012,17-09-2014,29-03-2019
5059744760,693,9577315143,Incomplete,56,27-04-2012,20-10-2014,28-09-2019
9975231675,694,7301379862,Incomplete,51,25-10-2012,17-10-2014,21-09-2019
6009850886,695,100440134,Incomplete,30,09-01-2012,07-12-2013,20-02-2019
940678942,696,1217037748,Incomplete,54,18-04-2011,12-03-2015,10-11-2019
828167583,697,7255482945,Incomplete,86,15-07-2011,29-05-2013,09-03-2020
8464720467,698,9695601421,Incomplete,9,14-10-2012,14-07-2014,29-04-2019
6348943879,699,5146111855,Incomplete,86,04-07-2011,27-04-2014,15-03-2019
7893977000,700,3294195044,Incomplete,67,28-12-2011,28-02-2015,30-09-2019
196328454,701,755979532,Incomplete,39,14-01-2012,31-07-2013,19-07-2020
3857647663,702,6560247481,Incomplete,44,25-02-2012,25-04-2013,05-10-2019
63527316,703,8085897180,Incomplete,49,29-10-2012,05-07-2013,04-09-2019
9299631077,704,7556411257,Incomplete,85,23-07-2011,26-03-2014,16-01-2020
6685791675,705,7513647860,Incomplete,72,03-05-2011,20-09-2013,02-11-2019
694752649,706,4141035823,Incomplete,58,23-02-2011,16-07-2013,14-01-2020
5469601897,707,2396390287,Incomplete,24,15-06-2012,13-12-2014,18-08-2019
6155181365,708,2491077493,Incomplete,90,15-12-2011,24-09-2014,27-01-2019
5273379881,709,5758849855,Incomplete,46,29-06-2012,19-04-2015,03-06-2020
6592535121,710,9227145532,Incomplete,93,19-04-2011,08-11-2014,27-06-2020
1768167583,711,8671884260,Incomplete,75,30-12-2011,23-11-2013,27-01-2020
3429007720,712,7333822443,Incomplete,40,14-05-2012,16-08-2014,10-08-2019
8877902639,713,8987511723,Incomplete,2,09-11-2011,11-11-2013,10-12-2019
2870008287,714,1089053894,Incomplete,16,11-01-2012,29-09-2013,09-06-2019
6879427278,715,2937609864,Incomplete,26,05-10-2011,27-08-2014,25-09-2019
1411671740,716,85712159,Incomplete,39,15-05-2011,28-02-2014,01-09-2019
1377776484,717,2121248161,Incomplete,30,21-06-2011,29-12-2013,24-01-2019
8143659305,718,7201433024,Incomplete,86,27-07-2012,11-12-2014,10-07-2020
3583405471,719,8637359663,Incomplete,1,20-01-2012,27-10-2013,09-10-2019
1930498403,720,1906053332,Incomplete,69,12-10-2011,05-03-2013,04-03-2019
4181538419,721,4965301714,Incomplete,37,17-04-2011,31-01-2014,02-06-2019
4112699492,722,5634355702,Incomplete,79,04-03-2012,05-02-2015,18-01-2019
9493737217,723,3239894661,Incomplete,14,30-12-2012,14-02-2014,15-04-2019
2079076442,724,9984375242,Incomplete,72,07-12-2012,04-07-2015,07-02-2020
2618519418,725,262664445,Incomplete,58,20-01-2011,16-03-2015,12-10-2019
948717513,726,1165184842,Incomplete,64,14-09-2011,13-01-2015,30-01-2019
8061269805,727,686717945,Incomplete,55,19-03-2012,08-04-2014,27-04-2019
3662010259,728,9000952964,Incomplete,9,19-02-2011,18-07-2015,01-04-2020
5138114077,729,8410434067,Incomplete,92,17-10-2011,20-12-2013,15-06-2020
8704837487,730,3103179987,Incomplete,42,09-12-2012,11-09-2014,11-01-2020
7175958897,731,2321554622,Incomplete,47,12-09-2011,13-07-2013,05-06-2020
9510757926,732,6549183278,Incomplete,79,30-04-2011,09-08-2014,20-04-2019
9910531577,733,6493085136,Incomplete,50,08-07-2012,13-05-2015,18-06-2019
3108636723,734,2754547541,Incomplete,97,16-07-2011,05-10-2013,17-07-2020
6258872174,735,156463032,Incomplete,86,26-05-2011,17-03-2013,04-07-2020
7166025883,736,1585114278,Incomplete,21,14-06-2011,28-02-2013,12-11-2019
1210997916,737,4263761944,Incomplete,25,29-05-2012,10-03-2013,13-07-2020
5850684581,738,6354628629,Incomplete,89,29-12-2011,14-11-2014,23-02-2019
1503302032,739,8830511927,Incomplete,85,30-06-2012,02-12-2013,14-02-2020
3217683242,740,1317248740,Incomplete,47,05-02-2011,21-03-2015,01-12-2019
9408442458,741,935167870,Incomplete,9,27-10-2011,01-06-2013,23-11-2019
1438569823,742,5423012325,Incomplete,56,15-02-2012,22-01-2013,12-08-2019
2983107345,743,7999067423,Incomplete,11,04-12-2011,26-03-2015,12-09-2019
4809882101,744,7579231999,Incomplete,89,15-11-2011,11-11-2013,08-03-2020
836340302,745,3085603786,Incomplete,74,28-06-2011,20-03-2013,23-12-2019
9876555146,746,3133965174,Incomplete,56,04-12-2012,28-03-2014,02-07-2019
8421221345,747,8622688747,Incomplete,70,26-02-2012,20-03-2014,11-02-2020
670284718,748,6861647330,Incomplete,18,14-04-2012,20-04-2013,25-08-2019
910251096,749,3516353465,Incomplete,89,16-03-2011,24-11-2014,19-05-2019
3873406446,750,3300054583,Incomplete,88,22-11-2012,04-11-2014,12-01-2020
5892796574,751,4127026243,Incomplete,68,11-12-2011,17-02-2013,26-06-2020
9885073957,752,289533821,Incomplete,49,11-11-2011,16-02-2014,03-08-2019
2281506649,753,3483223827,Incomplete,4,08-09-2012,14-05-2015,11-04-2020
8747851244,754,1898547041,Incomplete,36,30-06-2011,18-06-2013,23-09-2019
3271717192,755,11301384,Incomplete,20,14-02-2011,04-04-2013,26-11-2019
4372399073,756,2020636425,Incomplete,97,11-02-2012,13-01-2015,18-01-2019
2315235685,757,6701477690,Incomplete,92,29-12-2011,11-12-2014,20-08-2019
2441909258,758,8828892080,Incomplete,39,20-10-2011,18-10-2013,19-04-2020
7854188971,759,6691593057,Incomplete,41,21-07-2012,21-03-2013,05-10-2019
9559355457,760,8558787476,Incomplete,27,21-03-2011,06-07-2015,12-04-2019
2930406119,761,2135410675,Incomplete,99,24-11-2011,03-05-2015,26-05-2020
1529079500,762,8774271695,Incomplete,80,16-04-2012,19-01-2015,30-06-2019
1602561923,763,4912863041,Incomplete,27,21-02-2011,04-06-2013,13-03-2020
7311162521,764,1571290710,Incomplete,16,15-02-2011,26-03-2015,04-04-2020
1810481511,765,9362202530,Incomplete,2,17-01-2011,31-07-2014,04-08-2019
1602537089,766,7893223480,Incomplete,54,19-04-2012,22-05-2013,28-06-2020
511446330,767,6615665212,Incomplete,73,12-07-2012,11-06-2013,23-06-2019
8866729191,768,1946290025,Incomplete,28,21-09-2012,24-05-2015,07-07-2020
4814535775,769,4904243420,Incomplete,18,20-07-2012,17-08-2014,01-06-2020
7970925383,770,6434683588,Incomplete,88,07-02-2011,23-09-2014,04-06-2019
2337694313,771,1075734665,Incomplete,98,07-04-2012,21-02-2015,03-08-2019
3457627266,772,556725239,Incomplete,94,19-10-2011,13-12-2013,24-05-2019
5833781299,773,2650687088,Incomplete,75,13-11-2011,30-05-2014,08-11-2019
8948136240,774,4521605648,Incomplete,96,28-07-2011,12-04-2014,08-04-2019
1094021121,775,1951657993,Incomplete,6,30-09-2012,19-11-2013,21-01-2020
6107130012,776,8831749137,Incomplete,47,22-09-2011,26-03-2013,03-02-2020
839055838,777,6534297450,Incomplete,13,18-09-2011,29-10-2013,10-09-2019
3431407986,778,222996838,Incomplete,34,13-09-2012,23-12-2013,08-11-2019
2925956246,779,9707496576,Incomplete,2,26-09-2011,12-04-2014,25-03-2020
8204114893,780,7816361149,Incomplete,13,17-10-2011,28-11-2014,14-07-2020
7538731431,781,1899249400,Incomplete,52,18-07-2011,12-02-2014,13-12-2019
1407943537,782,8323769400,Incomplete,1,15-03-2012,25-09-2014,28-05-2019
1301855812,783,2745419293,Incomplete,82,28-05-2011,05-01-2015,14-12-2019
1681846667,784,1857159918,Incomplete,88,03-02-2012,20-06-2014,21-07-2020
5565386020,785,73289442,Incomplete,4,11-03-2011,09-07-2013,19-12-2019
8659712781,786,9074265200,Incomplete,60,06-10-2012,08-10-2014,23-02-2020
214738922,787,188619372,Incomplete,33,28-10-2011,22-02-2014,07-04-2019
5461396658,788,235116556,Incomplete,44,25-01-2011,02-08-2014,22-09-2019
1569424047,789,741355019,Incomplete,19,29-06-2011,27-09-2013,17-08-2019
6523859274,790,8239958060,Incomplete,66,09-03-2012,27-07-2013,17-05-2020
3647613576,791,4090379563,Incomplete,23,24-04-2011,26-03-2015,19-07-2019
1092959645,792,3791447564,Incomplete,1,02-11-2011,23-07-2015,21-12-2019
4860574249,793,8258714899,Incomplete,46,18-05-2011,19-12-2014,29-12-2019
4672018903,794,6409736320,Incomplete,66,20-10-2012,24-05-2015,26-07-2020
4809372227,795,162763743,Incomplete,87,03-09-2012,23-07-2013,15-11-2019
8408203657,796,8756790848,Incomplete,80,01-09-2011,19-11-2013,26-01-2020
4765923754,797,520214234,Incomplete,61,01-03-2012,07-01-2013,26-03-2019
1287801498,798,5672458866,Incomplete,96,30-07-2011,26-10-2013,13-10-2019
8265443706,799,7462559455,Incomplete,51,03-07-2011,12-06-2014,13-10-2019
2729813683,800,1507779097,Incomplete,39,18-09-2012,13-12-2013,16-02-2019
8160538065,801,8155062643,Incomplete,12,30-06-2012,22-01-2015,24-03-2020
6611383328,802,9916372462,Incomplete,34,10-09-2011,10-05-2015,03-02-2019
2832413102,803,1219915726,Incomplete,36,27-04-2011,28-10-2013,24-12-2019
8885228461,804,1932527095,Incomplete,72,19-02-2012,25-04-2015,24-12-2019
5214720750,805,6382516392,Incomplete,42,26-09-2011,20-10-2013,26-06-2020
6805385962,806,3114966640,Incomplete,95,30-07-2011,30-07-2014,19-01-2020
4570562531,807,1225597684,Incomplete,74,14-03-2011,26-07-2015,14-06-2020
3137681154,808,1493226673,Incomplete,30,26-01-2011,24-01-2014,21-05-2020
384849032,809,2329299869,Incomplete,79,20-08-2012,12-10-2013,09-05-2019
3861350491,810,945842821,Incomplete,91,10-11-2011,17-07-2013,20-01-2019
5264229937,811,2719392774,Incomplete,17,21-11-2011,22-07-2013,22-10-2019
5980983309,812,555532364,Incomplete,52,29-04-2011,16-04-2014,30-05-2020
1547114231,813,4653615675,Incomplete,53,16-06-2011,13-11-2013,07-04-2019
5264999651,814,6126613511,Incomplete,35,10-07-2012,10-05-2014,28-01-2020
2604124807,815,2086740158,Incomplete,78,16-01-2011,07-09-2014,23-04-2020
8864990259,816,605577633,Incomplete,77,27-10-2011,26-01-2014,22-02-2019
9044301411,817,9010054209,Incomplete,12,25-06-2011,24-01-2015,25-09-2019
5193187870,818,7138444974,Incomplete,47,11-12-2012,09-07-2013,24-10-2019
2368216227,819,6523230791,Incomplete,22,19-12-2012,09-03-2013,03-04-2019
6300480380,820,6176944198,Incomplete,13,11-06-2011,14-05-2014,26-10-2019
9038425155,821,3050295961,Incomplete,23,27-06-2012,28-01-2013,13-06-2019
6584368521,822,6270807581,Incomplete,5,04-07-2012,13-02-2014,16-04-2019
7679337810,823,8237233611,Incomplete,59,29-09-2012,24-02-2015,10-09-2019
3607065837,824,2423153589,Incomplete,10,02-10-2011,16-03-2013,08-05-2019
8649202241,825,1896454747,Incomplete,86,10-01-2011,11-02-2013,23-04-2019
1910682691,826,4920263635,Incomplete,75,03-02-2012,19-05-2015,09-05-2019
4764710463,827,4593344859,Incomplete,90,22-11-2012,27-03-2015,04-05-2019
9091713046,828,8825830300,Incomplete,69,06-06-2012,14-06-2015,05-05-2019
1152340360,829,7333979458,Incomplete,96,31-07-2012,30-05-2013,10-09-2019
5946717154,830,2549373804,Incomplete,5,22-12-2011,31-05-2015,17-08-2019
699637031,831,5000259017,Incomplete,19,24-06-2012,20-07-2013,12-12-2019
6279128768,832,2926537506,Incomplete,37,08-10-2012,16-09-2013,18-06-2019
5946850997,833,2959405706,Incomplete,34,27-10-2011,05-01-2014,08-08-2019
1479442712,834,4748735279,Incomplete,2,18-12-2012,14-07-2013,12-06-2019
6250640665,835,9452742976,Incomplete,51,14-08-2011,21-08-2014,30-12-2019
3710202736,836,9237395671,Incomplete,55,05-12-2012,05-06-2014,08-09-2019
9449921210,837,5564877233,Incomplete,37,12-11-2011,28-08-2013,15-08-2019
4630257233,838,1791960383,Incomplete,16,02-09-2011,17-07-2015,22-07-2020
7454915086,839,5978524920,Incomplete,23,09-10-2011,17-05-2014,20-09-2019
3835145657,840,4716154270,Incomplete,1,01-05-2012,24-01-2014,29-06-2020
3525127006,841,3279395739,Incomplete,82,08-10-2011,23-01-2013,21-04-2019
7017359526,842,6203331988,Incomplete,75,09-12-2012,09-10-2014,20-11-2019
9786992164,843,7967293371,Incomplete,92,20-11-2012,14-05-2015,30-03-2020
3516279613,844,8175047011,Incomplete,45,29-09-2011,29-03-2014,14-02-2020
7534893801,845,4928455568,Incomplete,5,15-02-2011,14-11-2013,04-12-2019
6104992064,846,4919037163,Incomplete,4,07-09-2011,08-03-2015,22-02-2020
1314766880,847,3311852737,Incomplete,44,18-05-2011,05-06-2015,30-05-2020
2104295505,848,2954441712,Incomplete,56,14-04-2011,29-04-2013,16-04-2020
3670056505,849,9817875490,Incomplete,22,21-06-2012,03-04-2014,28-07-2019
7089466175,850,5064983581,Incomplete,96,25-11-2012,01-10-2014,11-11-2019
5484311438,851,9917003290,Incomplete,66,26-12-2011,10-04-2015,05-02-2019
2137338351,852,1301737763,Incomplete,96,25-09-2012,27-01-2015,19-06-2020
3534335414,853,551393718,Incomplete,93,14-03-2012,14-08-2013,18-07-2019
5805648717,854,5046923629,Incomplete,33,30-07-2011,23-03-2015,09-03-2019
4763617338,855,3995295150,Complete,100,09-10-2012,23-01-2014,17-04-2020
653460449,856,7176795983,Incomplete,2,26-07-2012,29-04-2013,03-10-2019
6237298096,857,5703097576,Incomplete,71,17-12-2011,28-08-2013,16-04-2019
3074914793,858,8733890854,Incomplete,64,26-05-2012,06-12-2014,30-11-2019
9853285967,859,2010535375,Incomplete,3,22-07-2011,09-02-2015,16-10-2019
5892480909,860,3288102978,Incomplete,42,11-08-2011,15-10-2014,03-04-2019
8566715837,861,204278910,Incomplete,50,01-06-2012,16-05-2014,28-05-2019
1759353442,862,8892033352,Incomplete,48,07-05-2012,02-08-2014,25-04-2020
8140562874,863,9557623179,Incomplete,56,15-03-2011,18-03-2014,05-10-2019
180542230,864,5550822180,Incomplete,35,30-05-2012,24-07-2013,11-05-2019
209191198,865,5733278838,Incomplete,89,15-03-2011,19-05-2014,12-10-2019
8924303341,866,5232457659,Incomplete,36,20-07-2011,25-07-2014,08-12-2019
9362992868,867,9755512497,Incomplete,18,13-12-2012,14-05-2014,10-10-2019
4527082523,868,9436498845,Incomplete,27,03-04-2011,09-01-2013,27-03-2019
2812454555,869,5481746670,Incomplete,77,13-06-2011,13-01-2014,13-03-2020
6210165931,870,7910677677,Incomplete,69,04-08-2011,03-01-2014,29-08-2019
3058405863,871,6003520949,Complete,100,09-02-2011,02-08-2013,19-02-2020
1882715977,872,6157278048,Incomplete,28,04-10-2011,18-08-2013,27-10-2019
3140299389,873,6545058258,Incomplete,76,28-12-2012,18-12-2014,18-01-2020
4809707881,874,1330777395,Incomplete,4,01-04-2011,26-06-2014,23-09-2019
2183865970,875,4093001502,Incomplete,40,18-06-2011,07-11-2014,16-06-2020
4619867268,876,3953491210,Incomplete,1,30-04-2011,22-12-2013,10-01-2020
1940560020,877,2454903105,Incomplete,1,15-07-2011,22-03-2013,07-05-2020
4226699963,878,8844866269,Incomplete,26,01-10-2011,05-06-2013,27-05-2020
634747541,879,6809471774,Incomplete,25,10-11-2011,08-11-2013,04-03-2020
7537042829,880,3519014742,Incomplete,27,26-09-2012,17-04-2013,09-02-2020
3592877690,881,5025609534,Incomplete,90,15-02-2012,02-01-2013,02-04-2020
5347950498,882,6996404525,Incomplete,49,01-01-2012,14-12-2013,11-10-2019
4149821615,883,3545680193,Incomplete,49,26-03-2012,15-08-2014,25-09-2019
4869469901,884,4770636342,Incomplete,83,19-12-2012,22-05-2014,10-01-2020
9465179736,885,7964982184,Incomplete,63,31-08-2012,08-10-2014,24-05-2020
535266448,886,3969628741,Incomplete,38,13-11-2012,22-02-2013,08-05-2019
2358443107,887,7692578508,Incomplete,33,12-04-2011,27-04-2014,08-09-2019
249353709,888,6601705799,Incomplete,7,17-04-2011,27-08-2014,11-07-2020
2018266594,889,7881031255,Incomplete,92,25-11-2011,14-11-2013,09-02-2019
9081414550,890,473254360,Incomplete,46,23-07-2011,10-02-2013,13-04-2020
3779113074,891,139334629,Incomplete,75,22-08-2011,26-07-2013,07-11-2019
2702994865,892,1724204084,Incomplete,26,24-06-2012,19-11-2014,26-12-2019
6873091278,893,2923097149,Incomplete,8,22-11-2011,21-11-2014,19-10-2019
8064391709,894,4236507226,Incomplete,64,06-08-2011,09-02-2014,05-02-2020
9929846573,895,6687973975,Incomplete,70,23-04-2011,07-01-2013,08-10-2019
590083988,896,8470871765,Incomplete,29,27-09-2012,13-12-2013,26-11-2019
9417827871,897,4439869726,Incomplete,8,05-07-2012,04-08-2014,02-03-2020
5226516010,898,1842607561,Incomplete,27,28-06-2011,07-11-2013,22-04-2020
1718817371,899,8009526630,Incomplete,73,12-10-2011,10-12-2014,12-08-2019
3591418730,900,2022277465,Incomplete,36,21-07-2012,07-10-2014,05-02-2020
2928299513,901,9009471594,Incomplete,47,04-06-2012,27-03-2013,13-02-2019
1416161562,902,9572310933,Incomplete,56,28-08-2011,09-09-2014,20-05-2019
8286105125,903,5279473227,Incomplete,70,13-09-2012,10-08-2013,10-11-2019
640302556,904,8533315252,Incomplete,64,19-11-2011,26-04-2015,13-11-2019
167432990,905,2196496251,Incomplete,87,06-11-2012,12-09-2014,17-05-2019
4727450267,906,1435532201,Incomplete,4,11-08-2011,30-01-2014,31-05-2020
4200636956,907,7946581009,Incomplete,37,28-12-2012,20-06-2015,12-07-2019
9168875681,908,5189351130,Incomplete,20,13-05-2011,15-03-2014,05-06-2019
334348080,909,2284909434,Incomplete,73,28-08-2011,26-09-2013,26-11-2019
7777572709,910,4403298087,Incomplete,52,13-07-2012,18-07-2014,03-05-2019
7545979826,911,8080372675,Incomplete,62,19-10-2012,24-07-2013,02-01-2020
7769568013,912,5839701149,Incomplete,14,08-11-2012,16-10-2013,24-05-2020
9311013587,913,6400802835,Incomplete,61,01-01-2011,27-01-2015,09-06-2020
2149643448,914,657557,Incomplete,62,03-09-2011,09-01-2014,19-07-2020
2529629390,915,1100047948,Incomplete,33,25-04-2012,12-02-2015,05-02-2020
8941267447,916,8576305976,Incomplete,17,30-08-2012,30-08-2014,03-07-2020
3942286823,917,6048578679,Incomplete,59,30-12-2011,25-05-2013,18-02-2019
3227033909,918,7543099578,Incomplete,26,07-07-2012,10-04-2013,28-04-2019
7656769226,919,7404485959,Incomplete,5,09-11-2012,30-03-2013,07-08-2019
1664312374,920,4195313104,Incomplete,74,25-05-2012,01-06-2015,02-03-2019
2313216152,921,9875037753,Incomplete,36,22-04-2012,20-05-2014,11-05-2019
4297962055,922,7582010051,Incomplete,83,20-07-2011,02-05-2013,01-05-2020
5366191416,923,1086457684,Incomplete,29,03-12-2011,21-04-2015,18-06-2019
6028479691,924,2007394529,Incomplete,67,18-03-2012,19-03-2014,04-10-2019
2471384005,925,8587673912,Incomplete,47,22-01-2011,26-06-2014,03-11-2019
9679155420,926,1839337710,Incomplete,61,28-11-2012,24-02-2014,19-11-2019
3124909933,927,9685956642,Incomplete,75,03-10-2011,01-09-2014,09-05-2019
3848967901,928,3937134751,Incomplete,90,02-07-2012,10-08-2014,28-08-2019
4946645934,929,7212329657,Incomplete,21,30-01-2011,17-01-2014,11-09-2019
8771444882,930,4280899134,Incomplete,58,15-03-2012,09-12-2014,28-08-2019
8263041090,931,6627823152,Incomplete,71,06-02-2012,20-05-2014,15-03-2020
4131488973,932,3811791311,Incomplete,60,06-06-2012,14-10-2014,24-07-2019
7087053558,933,4607417475,Incomplete,62,15-06-2012,07-02-2015,04-02-2020
9457730321,934,998789909,Incomplete,52,12-03-2011,21-06-2015,28-01-2020
3516166347,935,9093121561,Incomplete,77,15-10-2012,01-03-2013,01-01-2019
6033788877,936,6959237424,Incomplete,55,03-03-2011,09-10-2013,14-02-2019
4111336728,937,5292198633,Incomplete,5,29-01-2012,02-08-2013,15-01-2020
7704499599,938,8672676203,Incomplete,82,10-03-2011,28-03-2013,21-07-2019
8940772660,939,9367745478,Incomplete,87,11-04-2011,30-07-2014,20-03-2019
1044432586,940,3223377972,Incomplete,1,22-09-2011,18-01-2015,03-02-2020
1466353902,941,2711207323,Incomplete,74,09-05-2012,19-12-2014,27-04-2020
4030164811,942,3131725648,Incomplete,84,16-07-2011,03-12-2014,15-01-2019
4659777162,943,578925028,Incomplete,25,06-02-2011,05-07-2015,21-08-2019
4593545889,944,7741951467,Incomplete,56,27-02-2012,29-10-2014,24-02-2020
8484764222,945,2410631533,Incomplete,58,27-07-2012,07-01-2015,17-11-2019
9156914725,946,1174030747,Incomplete,64,14-06-2012,11-01-2013,20-05-2019
428345255,947,718229975,Incomplete,95,17-11-2011,20-01-2014,13-12-2019
8754146747,948,6230270013,Incomplete,44,16-10-2011,30-05-2013,10-02-2020
5338099640,949,9331056230,Incomplete,92,29-09-2012,13-02-2013,12-02-2020
8033388579,950,760083746,Incomplete,46,13-08-2011,29-12-2013,28-07-2020
9234292553,951,4155693615,Incomplete,77,30-05-2011,21-01-2014,20-01-2020
4678498311,952,8803464735,Incomplete,97,21-08-2011,26-05-2014,13-12-2019
2035720540,953,5230614900,Incomplete,49,12-04-2011,11-10-2013,16-01-2020
5100999179,954,9074187765,Incomplete,17,08-02-2012,15-10-2013,30-01-2020
7734721729,955,9031063428,Incomplete,38,09-07-2012,09-01-2013,02-07-2020
6154753969,956,2126736997,Incomplete,81,24-12-2012,20-03-2014,11-09-2019
4907660715,957,2458186572,Incomplete,50,10-08-2011,26-12-2014,14-05-2019
1141300567,958,5297038790,Incomplete,39,24-08-2011,22-09-2013,27-04-2020
3946312764,959,2677220660,Incomplete,63,28-07-2012,30-01-2013,02-03-2019
9790038658,960,621002992,Incomplete,82,26-09-2011,28-10-2014,09-07-2019
8827604138,961,5826210974,Incomplete,60,02-05-2011,05-04-2015,08-04-2019
6534695022,962,7822329057,Incomplete,22,28-11-2011,03-12-2014,24-01-2020
2388102863,963,9432075885,Incomplete,36,30-08-2011,25-05-2013,29-02-2020
6623934758,964,535696035,Incomplete,35,23-04-2012,21-05-2015,12-07-2020
5253276343,965,7216562852,Incomplete,37,06-03-2011,22-11-2014,18-01-2020
2043493035,966,3396023757,Incomplete,21,27-09-2012,01-01-2015,14-12-2019
2048698700,967,3887163311,Incomplete,16,05-08-2011,23-01-2013,14-01-2019
2994878151,968,2566116687,Incomplete,66,25-11-2011,10-11-2014,06-02-2019
1681287781,969,3082538371,Incomplete,70,17-02-2012,26-04-2015,04-10-2019
1223380114,970,5093084204,Incomplete,30,20-10-2011,04-06-2013,18-05-2019
5305599342,971,6070386116,Complete,100,09-10-2012,16-04-2013,17-03-2020
533533376,972,5057265032,Incomplete,51,31-10-2012,30-11-2013,17-02-2020
510834264,973,3735194206,Incomplete,99,28-11-2012,03-04-2013,10-05-2019
1114680516,974,8317683915,Incomplete,22,29-11-2012,26-07-2015,31-10-2019
9651859636,975,6526508073,Incomplete,3,12-08-2011,31-03-2013,18-05-2020
7038963058,976,5921564605,Incomplete,51,27-03-2011,24-05-2014,27-07-2020
1949173755,977,1536674230,Incomplete,81,13-06-2011,14-10-2014,01-11-2019
4469054488,978,3596802687,Incomplete,27,15-01-2012,25-05-2014,10-07-2020
4570996620,979,7893875542,Incomplete,89,09-09-2012,14-03-2013,04-05-2019
1435652185,980,6329178534,Incomplete,49,02-07-2012,16-08-2014,10-02-2019
6766584874,981,1904749364,Incomplete,71,09-02-2012,23-11-2013,22-07-2020
3939968862,982,4330665166,Incomplete,40,21-02-2012,30-05-2015,06-02-2020
6960645700,983,7513665419,Incomplete,66,12-10-2012,16-12-2013,17-07-2020
9715162630,984,4507878098,Incomplete,12,08-11-2012,30-04-2013,18-01-2019
1907054723,985,9623252668,Incomplete,21,12-10-2012,28-06-2015,06-04-2019
6850303597,986,6214695501,Incomplete,15,08-01-2011,23-05-2015,30-04-2019
4758970211,987,7651770714,Incomplete,52,19-07-2011,12-01-2014,13-10-2019
5914319471,988,9186673807,Incomplete,45,06-09-2011,10-05-2014,03-11-2019
8772092742,989,9349355159,Incomplete,29,28-05-2011,25-02-2013,19-12-2019
5225543839,990,6915816046,Incomplete,21,07-05-2011,22-04-2014,29-01-2019
7177376232,991,2831141656,Incomplete,62,03-03-2011,29-04-2015,25-07-2020
6594207180,992,5903578810,Incomplete,47,18-04-2011,12-09-2013,23-02-2019
9662083235,993,3403205347,Incomplete,87,17-04-2011,06-02-2015,07-12-2019
3819559744,994,8516294323,Incomplete,70,30-06-2011,17-05-2015,07-05-2019
2076014926,995,863241174,Incomplete,97,12-08-2012,18-04-2013,11-07-2019
5831314448,996,1126317950,Incomplete,17,15-07-2012,19-06-2013,19-09-2019
1320612296,997,7276090841,Incomplete,7,27-07-2011,24-11-2014,15-06-2019
9390349877,998,3171816326,Incomplete,10,04-07-2011,21-12-2014,08-06-2020
9905445528,999,7967588975,Incomplete,68,06-08-2011,24-07-2015,28-07-2019
9179757766,1000,5170552696,Incomplete,74,01-11-2011,20-07-2014,26-11-2019
