User ID,Employer Number,Creation Date(user),Username,Password,Level
1,7771844243,30-07-2002,dhenden0,FfzYwPG,III
2,7595433932,23-04-2002,mkennelly1,PB7DAYgM,III
3,3408649677,16-10-1997,wduley2,y3zKmWFc,Jr
4,248156764,16-03-2001,ydalziel3,a810x7W,Jr
5,7304500069,27-03-1997,santuoni4,qMgtimP0,III
6,2446777554,21-08-2004,gbinks5,dSSCx2m,IV
7,9337481960,13-03-1993,obischof6,wlQUqgrXO,III
8,1381830684,05-03-1999,aswedeland7,tc02hf,Jr
9,5555021186,22-07-2006,lkeward8,85f4Cwc,III
10,1856416305,19-03-2004,daxford9,AtEPLAqf,Sr
11,7935334722,09-10-2001,bedea,ZRRk0e,Sr
12,2534065157,21-02-1994,sbagnoldb,908z7CSPzz,IV
13,4817331429,17-06-1997,ndillingstonec,nsExhNP04N63,III
14,1943096376,29-08-2004,pbroadstockd,OLV8o3d,Sr
15,5180712173,01-11-1994,nbisacree,lek01JZED,IV
16,3874904342,27-03-1993,wpettiforf,vO4lSoYBzk,Jr
17,9074371329,15-04-2000,edallmang,pbTXV0JRY,II
18,728101319,25-10-1994,rensleyh,4RYtgj6OONwl,III
19,163964955,14-02-1993,apawsoni,1ai2pTFYQlP,IV
20,629716951,19-12-1993,atomesj,VX9feL,Sr
21,6233356105,26-07-1994,byousefk,T59U6dNqH,IV
22,9754425620,31-03-2004,bestevezl,iysLqPbn0Ixn,IV
23,8529274091,12-02-1992,kcorbiem,b0qd6Ue,IV
24,6500493796,22-12-1993,zhemerijkn,xWj6bFjgdc,Jr
25,7847008777,27-01-2002,whallifaxo,kR0Dns,IV
26,4866655364,16-09-1995,sworpolep,RZ7dS6,II
27,3844738460,07-12-2001,cvenourq,gB6Wfz3GOj,IV
28,3117482342,23-04-1997,mkinnonr,cl114jX1c,Jr
29,6596106586,27-03-2001,rseverns,5D7BeyBIZjRD,IV
30,7822927140,08-08-1993,pbarthelemyt,Wvql8LS,II
31,4743987830,05-08-1996,elebosseu,ToVEAbcW,II
32,8715185702,27-09-2004,tizodv,NuBALF9LUi6,IV
33,7763488751,17-12-1997,nmacveyw,ciV4HPETR6,Jr
34,782948103,23-02-1996,gdydex,UdEjmquN6pZ,Sr
35,1410785181,13-03-1992,mphilippy,emFPoP,IV
36,5788227410,08-12-2006,icasementz,D3BVnHvj6B1,II
37,1362737747,13-10-1991,bsains10,AOtuFVGHoOXU,IV
38,748611304,17-12-1990,ibabbe11,XAEFF48K,Jr
39,3504552476,30-07-1992,pantonovic12,HNKHgf54p,IV
40,9383417315,14-05-1991,kbisley13,Ege46VDSris,Sr
41,1228469229,08-10-2005,santal14,utXAm6XjK6,IV
42,9861260331,25-08-2006,cconcklin15,uyTSmD79P,III
43,936173130,27-11-1997,shaygreen16,EFpWhkvul6es,Sr
44,200248774,16-11-2002,itonkes17,JOkA57mOuQM,Jr
45,2460595204,06-05-1994,bduckels18,id8xBdRA6,Jr
46,5967642218,18-02-1998,lfolonin19,5VwGTl1r,Sr
47,604695683,31-03-2000,dklebes1a,D7kmIhPV4Lan,IV
48,9834739044,24-06-1991,forable1b,4SV42Q5ldP,III
49,7544615073,10-09-2000,acarty1c,gch8ui8z5,II
50,1320614337,14-01-2005,cbraundt1d,sHgLg7E2,Jr
51,1649069855,14-08-2000,jmaypowder1e,yyVFM2iyx,II
52,8009645826,02-08-2002,bkunkler1f,ggRgSF78Kq,IV
53,7240754863,26-02-1995,lstede1g,5BFkMAaNFMIK,Sr
54,9547496204,11-08-2002,ncundey1h,7Ut4NDnvlFAV,Jr
55,9116248708,14-12-2002,ctubridy1i,SUbIOcmjYQ,Sr
56,230299288,30-03-1990,ccayette1j,qcGpFFO,II
57,2583516949,17-03-2003,ischulken1k,D3FclJRS3M,Sr
58,1026088747,03-06-1998,nlampen1l,wETpiPjEc,II
59,6184503243,23-03-1995,tollarenshaw1m,RpIHj13u,II
60,3474271601,16-10-2001,tpetricek1n,EiCVlb,Jr
61,9774535189,05-03-1994,smcclifferty1o,wIYtEv,Jr
62,273469983,08-01-2002,ekharchinski1p,jrDP2yyKrDm,Jr
63,5738439740,06-08-2002,spetren1q,KdvA7OXURXVa,IV
64,9515815800,01-01-1993,cvann1r,CJ2VeLC,III
65,7049753017,11-11-2006,jdorow1s,HBax8xdjS,III
66,8421008005,29-01-2001,mbellison1t,6lYbEnuFIV,IV
67,6201265783,05-01-1997,yharkness1u,gu20RACBtA,Sr
68,2077426691,04-10-1997,hpriden1v,VQY8IY,Jr
69,3445114269,19-12-1998,cohartagan1w,YesxhTviJS,Jr
70,6267605949,17-11-2000,jcawthry1x,CqOXPZp,Jr
71,9951857906,19-06-2002,jtodor1y,BCDm7V4YCi2Y,III
72,75873176,21-02-2006,cferney1z,4nzyo5YEdoU,Sr
73,5377233131,19-12-2005,adome20,JnPVR6ZR,Sr
74,2180763352,14-07-2000,nterrington21,GmBn8nVE7W,III
75,2940643296,09-01-1995,jcanaan22,rOyMtv,III
76,5108796064,21-03-1996,mtackett23,USxiatt,Sr
77,5638212922,05-06-2003,hdurbyn24,HbGnINe2,IV
78,1041310137,17-01-2006,lwatkiss25,RJGozp,II
79,3386559379,30-11-2001,lpleasance26,JU0gTpLp,Jr
80,1859433987,08-01-2002,jroulston27,o1AxjDM,IV
81,7046006989,15-04-2001,nheadingham28,5fio8dOQm,Sr
82,7538738037,29-11-2000,cebdon29,pM3ww7NFUuyR,Sr
83,2432878493,05-09-2002,ctumulty2a,yPGt1fL,Sr
84,9733901881,26-02-1994,jjobbins2b,CwAiZ3qv6,Sr
85,1932574387,08-07-1997,ybouller2c,zwMqQ6PmJm,Sr
86,9881298091,30-01-2006,tperkis2d,p4zcvUMxko,II
87,5488047239,29-10-1993,phance2e,wQhAsn,III
88,8137747222,03-02-1992,rjearum2f,dNPSecHsyMo,III
89,8204434995,18-12-1990,ekamen2g,ODhsB3kVoC,II
90,9653258125,18-02-1994,plundbeck2h,tHpVVbN,Sr
91,94150761,23-07-2006,msuero2i,VkreTpgYN,IV
92,1081399929,28-04-1998,jsains2j,SGo6RZwLimxM,III
93,7660656414,07-04-1990,ckohrs2k,Wjntct,II
94,4437384458,18-07-2002,irounsivall2l,VxcDLeX,Jr
95,8157504023,31-08-1993,kmcdermid2m,J3Whzse,Jr
96,662176332,10-02-2005,hconibeer2n,l8QxexW8TGf,Sr
97,2106966997,08-11-2004,emoralas2o,yzwvjLbhvm,Jr
98,7164348235,17-08-2006,ewoolnough2p,DEayxne9qW,Jr
99,9373669877,21-05-1997,bhallows2q,q2MWow,Sr
100,7038960601,22-08-2000,seppson2r,ciwrgx59hma,Jr
101,7837716760,27-03-1996,vbracey2s,LLk9WQwFFJS,Sr
102,9095207412,15-08-2002,acharlon2t,949Rg8ioLkQ,Jr
103,3334771113,06-05-2001,maronsohn2u,hUizjNVZ4,Sr
104,6284224249,06-08-1997,lbenford2v,I2MT8Ljh,IV
105,1764179447,06-08-1999,kcomberbach2w,Zad0OpeEbW,IV
106,1587362716,18-10-1999,kfery2x,qZN0s37UhyZn,II
107,8461040902,21-06-2003,nades2y,cbURzfzBTL,II
108,2104944708,15-06-2005,gbartosik2z,ENNJyaWAzr,Jr
109,1070537268,05-10-2003,astoner30,NvoJGT7r,Jr
110,5934175793,05-04-1996,bferrarone31,uO8sQ97s13V,Jr
111,2811361685,31-07-1994,bskalls32,2bHjWHd,III
112,5881052692,04-02-1993,ebellringer33,QyNpGKoj,III
113,9699764007,12-07-1997,mgeorghiou34,omZfB0xlx,II
114,467900183,15-02-1998,trutgers35,ImuPnvdgUZI,II
115,8198388494,24-10-1993,cmeineking36,C7Ht3KBf,Jr
116,9739767966,02-05-2006,pthackray37,WwD5Jyqg,III
117,8732536496,23-06-1999,oberens38,KZBi5cr,Sr
118,3017335348,20-12-2002,kcoddington39,eIG2KRh,III
119,3189388962,22-08-2001,wcolbourn3a,1lYe6zyWpaF,III
120,6509471329,15-12-1994,rgorch3b,l4RRyzsb,Jr
121,161445659,30-01-1996,rmackeever3c,aR8eW4lF4g,IV
122,3909297285,25-03-1993,mperkinson3d,J1qKvs,IV
123,7978410447,29-10-1998,acorneljes3e,xEHPojI,Sr
124,7606195528,25-05-1992,kcarnie3f,AiynCDMp,IV
125,1190692414,28-06-1999,amcmurty3g,hZ7HQCf,IV
126,9355943326,10-08-1996,fbradnock3h,lxUfaZ,Sr
127,2847264795,07-02-1993,abriand3i,P9azA9WrUHn,Jr
128,4436040445,02-12-1998,dnoah3j,GbFdjlSQ8,Sr
129,9426359052,27-04-1999,awannan3k,MdJylfz,Jr
130,798138521,23-11-2006,odripps3l,hYijFmF,Sr
131,1904857965,06-02-2005,cwooder3m,igwQsOx2FX,Sr
132,3814062345,23-11-2004,hcristofalo3n,9OQE1W0,III
133,4652056648,26-11-1998,blortzing3o,euKPPa4kbn9,III
134,3131989041,11-10-1993,jsnookes3p,KPQIsUo9c,Sr
135,4642010858,17-04-2002,cernshaw3q,X5qJekT7L0g2,II
136,9041083952,06-09-1990,mblaker3r,sMUrzNKf,Jr
137,3270253737,01-09-2006,pgisburne3s,T0i3Po,Sr
138,580099989,05-09-2002,emepsted3t,FZgLPs,Sr
139,1780385595,15-03-1999,cleithgoe3u,qbPuaoFDt4y,Jr
140,1487143826,16-07-1997,sgrubb3v,rYsCATnstXz,Jr
141,2296975747,11-06-1999,rcristofalo3w,cVG0too,IV
142,1451724543,18-09-2000,rclausius3x,wotxwdQCq8,Jr
143,5323011610,22-11-1994,abakhrushkin3y,7DjeE6AsT,Jr
144,8400490444,03-12-2002,jhulcoop3z,8CPIELee,Sr
145,7174609805,09-04-2004,tsellner40,UFYRWws,III
146,4787620738,11-10-2003,jhanselman41,aoo4Crk3y,II
147,9354440142,07-06-2002,minchley42,wZeWvW,IV
148,6882406707,10-06-1994,cashplant43,L3kdlbSYt,Jr
149,7627842735,03-01-2001,mladson44,mF7XlC9FdvJ,III
150,8839001999,22-10-1994,rgontier45,oLvyAmx,III
151,807312045,02-08-1990,ktrase46,sIjHEkEBDF8y,Jr
152,6931816292,03-08-2004,sassad47,JtzeaXEyR,IV
153,1347122001,27-12-2001,fheiton48,OYlgLwFRj5,III
154,2032401096,26-03-1991,ssteuhlmeyer49,7VmsNv9yuNgr,II
155,7998146028,03-03-1992,mcrockett4a,hK1m9vWMG6BS,IV
156,9700987779,11-03-1995,mizakovitz4b,UdRKgY,III
157,908949243,03-12-1991,croff4c,uthG0l3a,IV
158,1316202984,12-05-2006,rstoppe4d,Fl3hi12Gqj,III
159,8549950335,15-04-1994,eclee4e,98hT4b3,III
160,2725177855,07-04-1990,xbispham4f,MJCfw2P,IV
161,5910432184,16-11-2006,cphare4g,P5Sbbdu,Sr
162,7800475859,25-12-2005,dcantle4h,dEUj9Q6ViBp,III
163,1776227220,14-12-1995,eblanque4i,DROCVKo,III
164,9127854558,26-09-2002,ppenna4j,XnnzrLgn37v,II
165,6340396410,08-02-1995,dpadley4k,NUcfNN2dbMKz,Jr
166,3200070579,24-07-1993,smacaskie4l,SJnmehKoDO,II
167,6389849397,11-12-1993,pgillion4m,kAuafPKlQ1HK,II
168,5760096060,05-09-2000,gorum4n,0yo6S5pP,Jr
169,6583777800,25-11-1993,mneil4o,pALp9ZH6,III
170,7768689852,07-06-1992,mborton4p,oqHtC5,II
171,346740800,21-02-1994,gbazek4q,CdBUFFTSsz5,Sr
172,8573900067,18-08-1997,fmaud4r,vdO1Cl2dkM1,III
173,7701685243,23-03-1990,rhowley4s,rAMeVG,Jr
174,8381947995,16-10-1999,goldfieldcherry4t,yB7BNpGNcm,IV
175,4457325139,27-07-1998,tgandley4u,W6uLI9,III
176,6169433981,05-01-1992,ncoast4v,VRveRc,IV
177,2367639620,16-10-1997,ksimionescu4w,aGsyGTQ,II
178,3169584065,16-09-2002,vpitherick4x,UWpVhMiQGK,Sr
179,7550261547,28-05-2002,abaldrey4y,tvZySQG,IV
180,2362010244,04-08-1990,bcamblin4z,yVssK8l,IV
181,2197788183,09-02-2005,pcestard50,MdeF8ZS4zE,IV
182,4417340927,23-03-1995,lfranzetti51,o4xqpmq1E,Jr
183,2283933307,22-09-1996,ncatherall52,Iy1BZyCPoTt7,II
184,6349320352,04-02-2006,jdemchen53,4TBAbyDT,III
185,2798052955,10-01-1992,sguilayn54,xdsQrADs8iJD,II
186,975721674,31-01-2004,mjacobssen55,y38eS0hj1P,II
187,5685082266,13-03-2001,astuddeard56,q5Md9G,II
188,3703904127,21-10-2000,clambol57,0PyhKoL9,IV
189,4177457035,28-10-2001,kcrutch58,KIXWNfIhqCD,IV
190,4468261013,08-04-1999,aochterlonie59,aQ4cWG,Jr
191,8742979951,16-07-1999,cteffrey5a,32qqA9BY,Jr
192,4348303541,20-04-2004,classells5b,T0Z1n1,Sr
193,4962937855,22-10-1996,edriver5c,GrYnTxQWT6c,Jr
194,6965732954,15-01-1990,fquiddington5d,d8CDsB7o,Jr
195,972913165,07-02-1994,ipollett5e,6RHzkdK7p6,II
196,446405027,02-10-1994,soxenbury5f,DbjcZusIio,IV
197,3084105081,09-07-2002,fkeighly5g,BgRU5ixG5GC,Jr
198,4058105607,23-02-2001,ahooke5h,eNHdpoQ5Kc7u,III
199,3585793541,11-02-2006,nhaig5i,UGw1osK,Jr
200,3634628162,23-08-2006,bbunting5j,5KtGc2GtQ0,Sr
201,9869134149,29-08-1995,alemmers5k,NiO57rWkrd,Sr
202,1551119005,17-07-1999,mpurvey5l,QrRtNlP,Sr
203,8333398561,24-11-1997,hquidenham5m,IYmEn5G,II
204,5142579682,26-10-2002,dmeardon5n,dpI3wtt1UBjr,II
205,7580086336,22-07-2001,lbellin5o,SZUJc6wLkt,IV
206,7043500230,15-09-2003,qscane5p,zSmSS8DOXbA,Jr
207,5367319440,20-09-2006,dlillicrop5q,EIVidGMFybhl,II
208,2915535337,06-10-1992,emulcaster5r,nc7QlfsrpDD,IV
209,741596849,14-01-2001,tbernardez5s,tgjH7cdA4,Sr
210,2408228794,02-03-1992,mlighten5t,5u6At3j2WJd,Jr
211,4462816374,12-10-1994,yfoulgham5u,AVeB4W71wOO,III
212,3207133738,01-04-1991,edavson5v,WffGK8Z0pkM8,Jr
213,5328262794,11-11-2005,wgidden5w,z9NCJ7dU0p9,Sr
214,2862575445,04-11-1995,sjurczik5x,xCswYHdd,IV
215,6301559339,09-02-2004,bblachford5y,txCe4r8Rixxq,IV
216,1601094590,17-02-1998,amirando5z,iEYyu9TNkBM,IV
217,1509617558,18-09-2006,eroscrigg60,M4Yyo2E3L0BR,Jr
218,6702291736,01-06-2006,mvescovo61,g5901vtGWBb,III
219,7397802621,23-03-1994,vtrundle62,6rSiQwLHY8,II
220,8177302868,20-12-2002,rcharge63,Ln4swt8,Jr
221,4754821475,19-02-1993,rpumfrey64,g5gEVTz,Jr
222,2933978784,08-10-2001,adomanski65,unMjG58,Sr
223,9335662615,13-08-2001,lcaig66,PWydIf,IV
224,2205918206,18-04-2004,avongladbach67,PkMnlp9Y2,Sr
225,6700978033,03-09-1996,rsimao68,nSPp0ohJO,III
226,4815114226,26-07-1992,bstaines69,tyjub0m0cdW,IV
227,1098896246,05-07-1997,jgarbar6a,zeulmtP,Sr
228,5498339593,13-06-2006,osantus6b,TgvPwigh,Jr
229,5169663293,26-06-1993,criba6c,FZjkVoqRucVG,IV
230,1150261218,02-02-2004,abaukham6d,31EkjfuL5,Jr
231,911485066,13-09-1993,thuett6e,UobjF8UiFa99,Sr
232,7785667896,29-10-2005,edehailes6f,eEakHYx5KKU,IV
233,8809475437,12-03-1993,alope6g,RanFKkFFkD3,III
234,9584179950,26-03-1999,aronayne6h,MDLYW55,IV
235,534231667,26-01-1999,htustin6i,WbBRLR9VJ,IV
236,8295030086,10-06-1998,elowseley6j,ZhJmfssZv,II
237,1366073509,26-02-1995,hcerro6k,BzkOxMU,III
238,8675965877,18-02-1990,uspeck6l,mGWsN62FD,II
239,9900478215,02-02-1996,lscranny6m,SnpsbNA1gt,Sr
240,4801556019,23-01-1992,spyson6n,o8gzvY,IV
241,5042141006,20-06-2002,rwyman6o,tRbP6p1K2xW,III
242,2373541068,29-07-1997,hcassley6p,SJQv1X,IV
243,4451036690,07-01-2001,gegerton6q,rvIVstp,Sr
244,2697186530,15-07-2006,mjankovic6r,pZMv5JMfkPv,Jr
245,6763761945,23-09-2004,ktadman6s,szM3urv2Nrzl,IV
246,2673933689,25-06-2000,ebranscombe6t,9PnG2NMfcqe,Sr
247,1318430364,26-07-1998,psimmonds6u,Ux7w99I5NP,II
248,3488560430,04-05-2002,zdrohun6v,HmbJvp,Sr
249,677794223,26-01-1998,alints6w,6XdMv9yXWj6,III
250,6242098628,18-07-1993,crose6x,yACQ6rM,Jr
251,3892730083,07-01-2003,iarmsby6y,oTkIrKxccYQV,IV
252,7642637276,31-10-2001,kpaty6z,9eBlDJ87,II
253,4879255939,12-08-1991,jnaire70,kdktKuM38,Sr
254,9320427704,08-11-1990,mhearse71,95x96Cwo,IV
255,1754930727,16-12-1994,btincknell72,TCZuczi,III
256,323430058,12-11-1998,hribchester73,Bsg80VqENM7,II
257,5302946947,19-06-2000,kangelo74,OLVVXWX,IV
258,4038696251,21-06-1990,rcardoo75,f1eUfXQ3TF,IV
259,2599259037,16-10-1990,smacauley76,PQDYrIncrqgg,IV
260,5845474744,18-04-1992,ubarnewall77,gCu1cAvzMz,IV
261,6267037460,20-10-2006,cgleadhell78,Z4eN9w17Tn,Sr
262,2544526408,05-12-1998,lvignaux79,jTprmo2du,IV
263,6921893073,21-08-2001,wfriel7a,o9NzGXDrr,III
264,7634526800,04-12-1993,xcordingly7b,v5FRbw,Jr
265,2332908706,23-06-1991,dbellin7c,zY5lPMlUT,IV
266,9349996383,01-05-1997,aprettyjohns7d,Joj27cwAb,IV
267,1655133187,04-05-2006,bphilp7e,cuxrolZYht,Sr
268,4376567582,31-03-2001,cbaybutt7f,Wimfzl,II
269,4901575821,16-07-1998,ffosbraey7g,sGQHYEI,II
270,284545384,14-10-2004,akreber7h,LuuPaYWn,Sr
271,8829170569,20-04-2002,jambroziak7i,VVtMjb,III
272,7507407217,25-09-2003,zandrichak7j,VPPVJA95CD,Sr
273,1433223538,05-12-2003,jtownson7k,MKrZoZTAWfiM,IV
274,6913474822,11-08-1996,jcalveley7l,kC9rpWjZ7e,Jr
275,939133113,03-01-1997,esaltsberger7m,zoVpVCUvf,III
276,7810037870,02-12-1995,ttorrisi7n,l8BY2543WvtK,Jr
277,240730305,23-09-1991,rcrowcombe7o,j0TCgWpHX1c,III
278,5641147257,11-02-2001,rpeabody7p,62sESo,III
279,4526293717,24-11-1998,dgirodin7q,1YHM77yL60,Sr
280,3921519306,11-11-2002,vlarn7r,CNz1Fn62R3K,III
281,4221167378,28-11-2006,kvearncomb7s,iNPRz2we,II
282,5124914149,03-09-1997,ttiernan7t,ivGfp3A8A,Jr
283,4557324118,24-02-2000,jeberts7u,Rbwdb6G4,II
284,2743198680,05-08-1992,ctootin7v,scw4pI9,IV
285,7763690836,26-08-2006,rsaines7w,n2YrZ9emQrLn,Jr
286,2292051710,12-04-2006,scamell7x,hzGoCg9FEM,Jr
287,8469816675,30-03-1997,gdescoffier7y,3bZNoWYEBLi,III
288,2384319477,04-07-1992,dshakshaft7z,aoVXBa,III
289,2011096502,09-11-1997,jfollis80,N8AqlhyW,Jr
290,6934353242,08-11-1991,cgiorgioni81,9Jo87B61U,Jr
291,2006283839,11-12-1990,wwoloschin82,e6Z7bvBvGC,II
292,2458173519,10-06-1998,smueller83,f5adU5OLh55O,IV
293,7991570827,17-09-2005,mspilsburie84,vh5vw0bI096,III
294,5939442927,12-10-1991,mhantusch85,sl3aEqtX,IV
295,9096725727,19-11-2006,kbonnavant86,rywMiX,Sr
296,1097309347,06-09-2001,apilch87,cfWokY4n,Sr
297,9959199193,30-06-1992,clangrish88,nxiNbEe,III
298,7522537444,01-07-2003,cesgate89,3hkddEY,III
299,1468960407,23-11-2004,daggs8a,f7jp45Yr,Sr
300,4814848986,01-03-1994,ftudhope8b,uOxGES3,Jr
301,6867411215,22-06-2005,mdomoney8c,ies3Nw6M5j,Jr
302,7498976250,29-04-1992,sdegrey8d,YRryuDQEy,Sr
303,5749178889,08-12-1993,khammell8e,huD1kCufV3,III
304,3161732987,25-03-1995,agambell8f,JUhoFDF,II
305,2831676924,12-04-2006,lseid8g,Ai3RgTGN,IV
306,2953259325,27-10-1995,lmyderscough8h,Y28dDA,Sr
307,9721561789,21-05-1993,kpolendine8i,mPABn0,Jr
308,8232072466,19-07-1993,tklyn8j,O8a69sqnLpl,Sr
309,304706434,22-10-2001,fbresson8k,BX3Vhr,II
310,9030074027,16-06-1994,bondrusek8l,6gAuZM0N,II
311,4051946258,07-12-1995,rbloore8m,XkJWKOOZ1wYM,Jr
312,8211063751,04-06-1991,rpauletti8n,9F4YHKH,Sr
313,5542434061,15-04-2000,rculham8o,gzl3vrrb7vT,Jr
314,6401254335,16-10-1990,speever8p,GDaC7s6tz,Sr
315,4231510407,04-05-2000,iwoodrup8q,fmneaBC,III
316,5771651788,08-04-2003,ocomino8r,f51n2z,II
317,9257256235,21-10-2000,rvass8s,vWOWFqPe7,III
318,8257845957,26-04-1991,spetican8t,clEsR3vbf,IV
319,5774071359,07-06-1994,ttappington8u,idqxVc6wW,Jr
320,7337566115,08-01-2003,dcallacher8v,DZyZG8OXSvO,II
321,1708763937,24-06-1991,cosipenko8w,PnefrEw,III
322,3878401965,20-12-1996,gcaddan8x,rjzkMeXuALyx,IV
323,2730293205,17-07-2001,wattkins8y,hS2xj5Fm,IV
324,3675044009,18-02-1991,lutterson8z,OprE1cTf,IV
325,7026216163,13-08-1994,mdurtnel90,RwsHl7l,II
326,6076219491,18-04-2002,bstudman91,aLKS0gv8JB,Sr
327,2765402892,29-12-1990,lsaw92,87nXWP,Jr
328,7590076295,27-07-2004,vmarieton93,z9FglkIE,IV
329,5079911840,28-04-1996,bcowdroy94,jmVntJOf,Sr
330,7223902566,09-04-2001,dborchardt95,m9vZxKNE,Sr
331,434235776,28-04-2005,aoxberry96,JVA36aF,Sr
332,1755200773,05-12-2000,troper97,xy2PWg37w3M,II
333,288143094,26-02-1993,ftirrell98,LCfMusNlX,Sr
334,3064234633,01-06-1999,kmacshirrie99,Tw0UMN2LBrL,III
335,106879723,09-12-2000,kbeddard9a,0rnloM8Fli,IV
336,8592847206,18-08-2005,bwasiela9b,wAop9hNJhL,IV
337,1497792290,30-12-1996,jcoles9c,W5zqvX,Jr
338,7077860361,19-09-2002,zatherley9d,yvRhjb,IV
339,641947356,02-09-2001,ewishkar9e,FG6IFB9,Jr
340,7512677642,09-04-2001,lgammons9f,q4iwemS7pt8,II
341,3902010444,24-04-1994,dkeene9g,jU4FRaJ4i,II
342,4872156609,27-06-1999,tneicho9h,IdywclFqIFL,III
343,5191011511,16-07-1993,ljuares9i,SzzJHDkkz27,Jr
344,2788891164,12-05-1994,tolunney9j,g1UiLDsfk,Jr
345,8247812010,03-01-2006,kmulran9k,NIFAUyr,Sr
346,890387192,28-04-1995,feaglesham9l,0Zy9uoIUI3,III
347,4891320648,15-08-1994,ymewitt9m,3QdxFq433ys,IV
348,6178369026,29-09-2000,rhaggus9n,4D5GeWRGo,Jr
349,9779815023,27-03-1997,rmckee9o,vewvDaXo5,III
350,2091408433,11-08-2003,lkocher9p,vfk9ZruAvs,Sr
351,204958687,28-09-1993,dmcdougle9q,xqIuECfOk,IV
352,5607799859,15-05-1993,tnewcomb9r,sXS8j5,Sr
353,2341849873,21-01-2001,gbirkhead9s,s29zOkTTUd,III
354,6762467385,10-11-2003,mlechmere9t,Qz71lw6oO1,Sr
355,7136229618,21-03-2002,jwhates9u,tgRUnhN,II
356,5110258775,14-11-2005,asilverton9v,xOfqXPPU,III
357,6035009409,15-06-2001,awraighte9w,YhRJGoNI5GL,IV
358,5525737043,25-02-1998,tbedlington9x,dPK0UofbqYGF,IV
359,6473986405,25-10-2005,amacdonald9y,dWrXoDxwD,Sr
360,6386264223,09-07-1993,cworstall9z,8l8J92LNmbI,IV
361,2063537518,07-01-2001,bdoerrlinga0,x7ZhKv2j,II
362,939513366,26-03-1990,kkellera1,PDf4AxdH,Sr
363,5621902653,19-05-1997,jkorpolaka2,GQZegLeD,Jr
364,3760439853,23-09-1990,divashova3,bNsCK90uHb,Sr
365,9802383880,21-01-1994,njollandsa4,1HbylQ,IV
366,9128862732,14-08-1992,fpiattoa5,uB7X55xmrOR,Sr
367,7027481847,29-01-2006,fnesfielda6,XEZEOEYL,IV
368,6812058939,16-01-1993,gharnella7,IOtqFwOZwMxP,IV
369,4992097197,28-02-2002,bcopperwaitea8,iC2hIw,Jr
370,2653348667,23-09-2003,cmatthiasa9,83Uidlt1heo,Jr
371,6186114791,17-04-1996,rmcloughlinaa,jxaB8ABt7,II
372,4600075935,18-09-2002,wklambtab,SnOBje,Sr
373,7384813727,04-01-1996,lfotherbyac,P2uVFzdI1vl,II
374,3361282055,04-08-1992,nmillamad,AcyaawLrg,Jr
375,7819077611,02-02-1996,wpizzieae,z9qj6Og543a,Sr
376,3392242748,30-03-2005,ateresaaf,UVaEJd,III
377,2157257535,01-06-2005,mcreesag,BDaz9M,Jr
378,371682983,25-09-1999,eolennikovah,xbU6HubuOu,III
379,856085650,09-07-2006,mtwiddellai,FtGD6VLaDkd,II
380,9406612402,22-12-2002,fskentelberyaj,ZTnI64o8,Jr
381,4076414055,12-08-2005,tseagoak,shnjObBdUDKg,II
382,6304857292,09-04-1999,lmcalorenal,XZ1S3f6,Sr
383,3711699022,16-10-2003,agasconeam,FgtbSy,Sr
384,9337847329,14-06-2002,agiberdan,yAulmFOH,IV
385,5624504969,16-02-1991,edummerao,dSBN1ioaL,II
386,1494946939,13-09-2005,gitzhakap,mU4DPsco,IV
387,1803679670,07-11-1992,layreeaq,K72PXLsN,III
388,3279237939,12-12-2000,ajarmanar,ifGcrnTf,IV
389,622491393,08-01-1993,cwaleranas,Us9wiLz9ki,III
390,4366795337,15-07-2005,csywellat,H51fhjcZc,II
391,7315855351,26-04-1998,mdictyau,aOkkF9EQko,IV
392,8240122140,07-10-2000,ahighnamav,ebWGJgoK9,Sr
393,5658131332,13-03-1994,fstanbridgeaw,D1VrEGz,II
394,96775777,21-07-1998,rlaugheranax,kBOFZhg,IV
395,9051120575,10-06-2004,clammimanay,qO49x1v5OB,IV
396,3460949201,31-01-1996,wbelshamaz,fjgUnvJP,IV
397,3139425414,30-05-1998,ggazeyb0,GSxBaNDfT,Sr
398,2456025059,18-07-2004,jyarrallb1,PktGNUwk3,IV
399,6874446495,17-05-2000,hgooddieb2,bvC1tZag6WyT,Sr
400,6966913898,21-05-2005,ccasonib3,KFBwmKMTXmYH,Jr
401,5266895276,23-08-1998,phollingsbyb4,anAp0U,Jr
402,937371629,26-12-1998,bmcgaffeyb5,XRmLJ6wpAr,Jr
403,5945009776,24-07-1995,pbelchambersb6,Rf06Jbmd,Jr
404,9034982513,23-02-1993,oebbittb7,6kfVwbRzR,IV
405,1596366540,28-01-2002,mpapierzb8,NvCryUkEy6V,II
406,7530935674,09-08-1991,nroloffb9,ptfoYizFC2I,II
407,4642100148,16-10-2004,rsiddaleyba,knZ9iz5bXU,IV
408,4911645571,26-04-2005,tsprittbb,5oti1Wd,Jr
409,8784229233,25-12-2006,jlermitbc,aTMFmgnUWvf,Jr
410,4192244195,24-12-1997,ablundanbd,xQVt8mljn,Sr
411,334280451,26-12-1996,eravelbe,zE5ej6FJRanu,Sr
412,2816259269,10-08-1990,welrickbf,8azAX7,III
413,4198714983,11-04-2003,amacklambg,lDZoYGGjJL5,II
414,5885482861,28-09-2001,mpassinghambh,nWT2ArR49C2,IV
415,1720454302,28-09-1995,mbalderybi,1J65zt,Sr
416,4364874469,04-11-2001,bitzcakbj,fxPtGZc5HY14,II
417,2675105090,03-03-1991,crankingbk,ocqqmKBEZ,III
418,5164676087,18-10-2005,smassingerbl,EOErhmoYs,II
419,2012710085,10-11-1998,aheselwoodbm,6vDYM3e79,Sr
420,9058593401,29-08-2002,rstainburnbn,relYRWYXzZn,Sr
421,4324643873,22-03-1994,mtapnerbo,pH24BBvL6,II
422,6877501403,13-05-1991,cbrewittbp,VNdtOtT8,Sr
423,7263611759,03-07-1992,tfaulkenerbq,eAiHnJ8VMNeY,II
424,7517883275,29-09-1999,lhennigerbr,Scl9bS7oT,III
425,6124840499,17-11-2005,karentbs,4CqxDEMn,II
426,6410961138,06-01-1990,cbaggebt,UpDANS,II
427,6167751676,23-06-1998,nstannerbu,biXVIlZEfrA,Jr
428,7732297768,17-02-2006,evanbrughbv,6yfO13Rh,IV
429,5335484721,06-09-1997,hscanebw,Cunkybyd18,Jr
430,3012738762,07-02-2003,amownebx,VjJ4BN3qpU,IV
431,9778290350,05-09-2001,twalshby,MhsP524QV,II
432,2757734253,19-08-1990,ljergerbz,oGmp8oncaYlF,III
433,4292618143,25-12-1998,bwhatsizec0,GhITtFD,III
434,1443238406,18-05-2005,nriditchc1,IH0avA1V9hNm,III
435,5780239002,14-02-2000,adonohoec2,BokUo4cMFR,Sr
436,1005888159,19-10-2000,jlittlejohnc3,LMVw3lyGtUqg,Sr
437,9410413729,17-12-1995,aliverseegec4,38Ae9SAirWYu,Jr
438,8117099721,14-08-1999,abrookwellc5,STKe4inKza3,II
439,6785153565,07-11-1990,cscranedgec6,m3SGcyjCdM,IV
440,8795552227,16-02-2005,csandelsc7,3ObEytvyknk,II
441,7365596163,23-06-2001,candreec8,ONFqFitO,III
442,8104483420,09-04-2001,aissacsonc9,Q1cMpiIh,Jr
443,9894373178,15-05-2003,jjansensca,X7yfY8Z,III
444,2460536666,19-03-1993,jseilercb,ZMEj1KZM04Kf,II
445,2369052929,01-12-2000,ipickancecc,NDm6OELhw,IV
446,2920796828,22-03-2004,gholtcd,jc85oehg,II
447,6212529590,19-07-1993,tpeachce,ohuJ8K,IV
448,3623447587,27-11-1999,dbegwellcf,0j2BbToEH1Ag,IV
449,1186114053,16-04-1999,slyoncg,1e8RGWm1ZQ,II
450,8630726334,01-08-2004,htackellch,PakHKPU9B,II
451,8190576836,14-12-2006,ckondrachenkoci,S0gaKY5ETpg,Jr
452,8807354748,01-12-1992,mjezzardcj,QrScNdB,II
453,3932073827,11-08-2001,carmatageck,VC9SEj7P,Sr
454,1655137492,13-01-1995,dendecl,D5YOKShwr0q3,Jr
455,9640902667,29-04-1996,jtubbscm,9Z1VQj7YTPH,III
456,6048706065,04-03-1997,cslatencn,weaucX7jovIE,IV
457,7324029744,07-12-2003,abartolomieuco,M5UFdqg2H,Sr
458,1645306283,19-12-1998,mmcclarycp,nJ5uLp4M8jqe,Sr
459,4585592229,30-03-1999,lglovescq,EOzrg8dTqINb,Sr
460,4520233348,14-11-1991,lpauletticr,p8LvpZD,Jr
461,6314111455,03-08-2000,cmcgeneaycs,M8n2CccQ,Jr
462,7418576730,11-06-1992,dgoliglyct,ZuTsU7tx8pqU,II
463,1009668285,10-05-1996,nscandrettcu,wZyWWjz6,Sr
464,2335597272,19-12-2005,csaytoncv,eZcscHUFu6o,Sr
465,3619508992,06-09-2003,rdunstallcw,CUIBKTCeXi,IV
466,472642375,13-06-1994,ktenbycx,wRT74wboT,Jr
467,3849806154,15-12-1995,agounodcy,JvDkFF8aXnOq,Jr
468,6066002945,03-07-2006,lreadcz,ShwLB0Hv,Sr
469,12001740,06-03-2000,gtumbeltyd0,ra9vG8,Jr
470,4143493721,22-08-1994,cbacupd1,5h2kF0LDriB,II
471,8650178596,22-08-2000,ytadmand2,X6gM8B2Adzs,III
472,4511235147,01-10-1998,cgreiswoodd3,XGtitcRyA5r,Sr
473,1604848782,10-01-1993,dslowcockd4,IPZO7pKX1m0,IV
474,7800190609,03-06-2002,epollicattd5,PahpoE,III
475,9392723237,12-06-1992,cguitonneaud6,Z6v4VcCTvQgI,Sr
476,6689140806,02-12-2001,dmaloneyd7,q3i9p8yUYbQ,IV
477,55987222,01-02-1998,mrived8,PxM0SpPH2,III
478,3302108281,21-09-1996,asissond9,l8p5YT24O,II
479,5010553082,28-04-1995,gspackmanda,vH0FumNftOu,Sr
480,8521016921,14-07-1996,rgiacopellodb,eWOr3hO12w,II
481,6094385519,13-10-1992,mduferdc,dNQM0xS4n,II
482,4500658947,30-04-2004,jcolpusdd,BFsWrYu9,IV
483,326956425,19-03-2000,ltrevaskissde,yJVzb4NHoVJ,III
484,9612779554,29-01-1990,rpalleydf,kBHRrhk,Jr
485,5077487111,02-03-1993,ioldeydg,sc4jyxP,II
486,71795006,12-04-2005,damiabledh,fI32J9,Jr
487,3291104145,02-03-1996,gburniedi,t5Rz0L,III
488,3341806520,19-02-1993,dgadiedj,3UiV50NAYW7z,II
489,5118797160,24-05-2002,lgerckensdk,CyOTcY90,IV
490,5490545097,27-07-1994,gsutordl,cg1NneaGiG,Sr
491,8165512218,23-12-1995,bemmotdm,oTacoB,III
492,9972944344,01-07-1997,sruddockdn,hab0ih,IV
493,5535791822,31-08-1999,efeldbergdo,Bnn3WxiOq60k,Jr
494,8482461907,06-06-1990,mweekdp,XdQlkl,II
495,5242012617,21-03-1993,ggoulthorpdq,Jwzo6wjg,IV
496,7081680895,31-08-2005,scastlakedr,j7CgQmyt,III
497,3449502662,05-07-2002,ocontids,AeGTMSKzXa,IV
498,7464381785,28-04-1995,dbrazdt,kBkwT9y,IV
499,9074150020,07-07-1997,psuthworthdu,RJHHyf5,III
500,3585692567,05-01-1992,jelmesdv,PRuN18,Sr
501,2196744298,01-04-1992,bkeadydw,WhDcibF,Sr
502,888988311,14-07-2004,jpetrellidx,Pdkr5Fbvhlvb,II
503,1934461288,29-11-1992,rerbedy,h9j8qQv20Qg,Jr
504,1843196042,21-06-1999,rdouglassdz,wwZJb1hoh7,Sr
505,6953096519,03-08-2003,ckedwarde0,DrH0F9xI,II
506,1115280597,19-08-1993,tjobe1,bwoHvA,Sr
507,9366687385,21-07-1997,fgreghe2,UE7Gcnw,Jr
508,7637051358,03-06-1992,mmcclarye3,azWVKV5Iyi0E,II
509,9263364168,06-12-2001,sstockwelle4,PDWhVq,II
510,765054469,15-07-1990,hvoulese5,TqP3dp,IV
511,8156203097,31-01-2001,lbaudouine6,EiDWjGa,Jr
512,1218345993,07-05-1992,gdillowaye7,vJkBmelfiS,III
513,587144351,14-12-2001,cduckinfielde8,no4JAnoPeV,III
514,7566086316,07-09-2002,bfennere9,KhfTVw2b,II
515,5230804785,01-09-2006,kvigorsea,QeFTuc4JsKHf,Sr
516,5485835139,22-02-2003,gmaccostyeb,TXhMjGkru,IV
517,5800310513,19-08-2000,kaitkenheadec,HJdLns2MZ,II
518,1134395256,07-02-1991,jkermannesed,Vd3R6Lgk,IV
519,830472290,16-09-1996,mhindenbergeree,S0Rx4TfMOv,III
520,3441656628,11-09-2001,aguswellef,cMpd43Aakki,II
521,839667485,21-09-1993,mferiaeg,8pPc6XMOgs,Sr
522,8358272995,18-08-1990,lzannutoeh,4Hb35Dngkx,II
523,649662938,20-08-2000,lheightonei,KADqAxToFSfK,III
524,5634156017,11-08-1991,glomathej,EGGJBoH6,III
525,5625213771,23-08-2002,hgelderdek,swF6zc9v5D,Sr
526,6894816417,13-11-2002,chammondel,r7WjTI03i,II
527,1838588191,19-03-1999,csheavillsem,kgQimqmn,II
528,7773424918,25-02-2004,vsinkingsen,YwF8Nnn,IV
529,9195733132,05-12-2004,jtunkineo,3o5PztcaI4,IV
530,1291457402,19-11-1999,rskelhornep,rjkHuG,III
531,1665158824,23-01-1992,dthunnerclefeq,rsrrOr5yKFZ,IV
532,8458564297,14-11-1997,tarcheller,jO5cgPW,IV
533,7459908657,22-01-2001,krenahanes,JXnz6pEICPy7,Sr
534,6122274798,12-10-1993,adibernardoet,y0lBvLTwFAA8,II
535,8322231717,17-12-1991,hgostlingeu,Bl3rHjBH0Kcq,Sr
536,3960162065,23-10-1999,mminetev,KAMzZ6Yv0si,II
537,4581643848,02-07-1999,bsaintew,8scYM0f,IV
538,7855911987,02-05-2005,ejamesex,aC2GIlpU6lI,II
539,894542508,02-05-1992,kpierrepointey,4Lid9Gf,Sr
540,7812337863,20-02-2000,veadesez,HzYraG,Jr
541,3213772445,31-05-1999,tvashchenkof0,M1a6PryJXuP0,III
542,6964056009,05-04-2000,tpengelleyf1,S2gK8yQVk,II
543,5185023945,09-01-1998,abloyf2,W6zSuc4o73,Sr
544,9430759337,11-05-2000,stayntonf3,UUvcUkty,Sr
545,5402804702,06-05-1992,lstrafenf4,1MnID8a1,III
546,7783909884,27-10-2001,acampaignef5,zCJxEL,Jr
547,2606474058,13-07-2006,umeertf6,aT808A5ei6,II
548,326899405,18-10-1998,cdawkinsf7,qwlWej,III
549,8618547522,21-06-2003,tsounessf8,5Gp5fUQFC5,Sr
550,9257262316,08-08-1998,tgiddenf9,U1vdhpDr,III
551,6473840672,08-02-2005,pgiggsfa,yTAMmcB7K1,Sr
552,599828072,31-01-1994,acocherfb,tWpQ8gyIuh,Jr
553,1226413919,06-06-1997,scousinfc,kikJ30,III
554,54488230,09-06-1997,ckilgourfd,lvx13HlDf,Sr
555,8948353632,04-04-1995,gcorderofe,jj5X4ZZGmwP,Sr
556,5739729254,25-07-2001,poldlandff,3aGCITDyduU3,IV
557,9217308234,01-01-2002,hhanstockfg,xwobiCN8f,II
558,2072306108,07-04-1991,sagnewfh,TlHaLdlXPr,Jr
559,3202481797,24-06-2000,igonzalvofi,CqpzZa,Sr
560,3145055542,26-11-1999,plubertofj,MgdZhT,IV
561,6280691144,07-11-1995,cgingoldfk,EfHSXTLaYZb,Sr
562,1260277437,11-02-1992,ebraynfl,k50Oab,Sr
563,2807073417,25-07-1991,gfrancescottifm,3C48dYT,II
564,9567894132,11-10-1993,kcaveefn,qKQE8K,Sr
565,7920463009,21-01-1999,tcardenasfo,605UsDETh,III
566,3690784239,17-10-1996,bmeneghifp,oZuJwDX7,II
567,230448461,23-02-2005,rkermodefq,KF5FRFqL,Jr
568,3423908963,04-12-2002,bscutchinfr,sHsbyq88d7,II
569,5065269238,04-10-1998,meilersfs,1xxFMThrYl,IV
570,4883952541,27-06-1990,dspehrft,kN5PgKDO5Tu,II
571,9160805218,23-03-2005,hgallemorefu,mRQN56Vq8,IV
572,6755665533,05-08-2004,cvielfv,tb1ZAFr0,Jr
573,8251639042,14-05-1997,rellsburyfw,LkNPBE,Sr
574,9243988115,25-01-1998,asheldrickfx,hBtmiyIt,IV
575,2937430244,02-11-2002,iickowiczfy,DoigRSn1m,II
576,5215363722,08-09-1993,lsartainfz,y2u91hVu2,Sr
577,4359133626,24-01-1991,whadgraftg0,Z0jEpPhIdjOx,III
578,4690871418,10-08-2002,sgainsborog1,uED9rsCNWc,Sr
579,6123748386,08-01-2003,tbretherickg2,FbgV1aTHv,III
580,1238260624,25-03-1993,ckeplingg3,Ao1KY7Ljn1Z,IV
581,8324576185,30-01-2005,slodingg4,TDmyLud,Jr
582,3646998776,19-03-2004,pdulintyg5,JRYG5el3,Sr
583,7156997092,01-08-1992,kmciloryg6,rJ8V3hX,Sr
584,8280774386,27-09-1992,rpulequeg7,3fTxYsKNpry,IV
585,3423554193,31-05-2002,barborg8,UXWx8N0v,Jr
586,1209288907,28-07-1992,mdudenieg9,fvwcVXck04c,Jr
587,7624704684,24-02-2000,pconnechyga,P7MtI8,II
588,1417479167,25-11-2000,jllewellygb,xnZZpQ4sPM,Jr
589,2943982121,16-08-1997,gbaskervillegc,QCqtJYJMBeBZ,II
590,3309888266,26-11-2003,mcombegd,p5QELyezPy,Sr
591,1849495351,25-01-1990,hclemontsge,PHxlnD19,II
592,5417074659,15-11-1997,svakhoningf,FZCOdn3l,Jr
593,1849415536,06-11-2001,mdemirandagg,7Deo8ZZA,II
594,6237362517,16-04-1990,egramergh,jOiT1iU9arP,IV
595,2893524532,01-01-1995,fedgsongi,aM23goaOe,Sr
596,988053829,05-05-1991,bdikelingj,OFvEDt,Jr
597,8651844913,11-05-1995,sbeakegk,6kPmPnoob,IV
598,2205117904,28-02-2002,cfalckgl,ftdjviArN,IV
599,2628443694,19-06-2006,abartolomeugm,SkdvGuuOT,IV
600,3523305942,04-01-2006,rtregoninggn,ZDhKxloIcv,III
601,1902462513,26-03-2002,bmolango,UVhdFcT13m,Sr
602,7503823763,02-10-2003,sbirdfieldgp,9vDoLESv2L1,III
603,2566420394,20-09-1991,tgulstongq,yBaPSLlB5j,II
604,1815935812,06-04-1992,ascardifeildgr,iprDSHvl,Sr
605,755921429,04-12-2000,gtuplinggs,kEPD9L,Jr
606,8759292733,28-08-1998,cgilegt,ATKL0YYs,III
607,1687907439,11-10-2001,mcornergu,ZN9PsZYR36R,IV
608,3762760470,15-06-1993,lwilsonegv,dPVuxZhtssr,Jr
609,1627151710,15-04-2002,groskelleygw,fRrXoXtnSoYx,III
610,3806425175,31-10-1998,cmaddisongx,H4987SlCB,III
611,3585777562,03-05-2001,sleitchegy,K8fF9vEkCzL,Jr
612,5029867538,29-03-1992,bhemphillgz,SGegZWAmLvN,Sr
613,361375174,08-08-1996,jabramovich0,v9zruV82NL6,III
614,7800043673,07-10-2003,knuddeh1,yNow0zi,II
615,1688354026,21-11-2004,ncogzellh2,WJRLL0s,III
616,85474843,02-04-2002,bweaferh3,LaEpwuO,Jr
617,1941675409,02-05-1993,ndemarsh4,3ZfFyGg95Fd5,Sr
618,4703847167,29-07-1998,dsquirrelh5,pzFvw3uqU,Jr
619,6891220726,16-12-1997,afayreh6,GAH4ktC,III
620,2193826315,17-05-1995,sricardh7,HqfgBB8PM0,IV
621,3837593959,07-04-1995,tballchinh8,o4SAxQLHpmP,Jr
622,2972524993,15-11-1990,hwrighthamh9,kIfU9h,III
623,4560746427,30-03-1995,smidgleyha,6TqaPektQmkN,II
624,177884134,29-01-1999,jakroydhb,4RVYh1,II
625,728481502,24-06-1998,eingrehc,ZTdATj,III
626,1415657505,02-02-2001,vableyhd,S3tRBeBB,IV
627,4178882694,01-10-1999,kyakubovicshe,IdPJw8FkmAn,IV
628,5910792695,25-01-2001,rdelacotehf,FIfCLnt,II
629,4441984405,17-07-1997,jpetersonhg,lVZUhAHez,II
630,1526517167,04-11-1993,dkorneevhh,cseaZTGi,III
631,6590553424,26-01-2003,credmorehi,Nfxifb5zq,III
632,8843764195,09-08-1998,jiiannonihj,TK1iZN5,II
633,7764700118,25-09-2006,ksliddershk,8rKNVe4XFy,II
634,4337962638,21-03-2005,searsmanhl,7y754O,Sr
635,7011777059,06-12-1992,mfullagerhm,uH8honLvQc,II
636,864278020,05-03-1990,jenterleinhn,GpTEFdR6V7q,IV
637,6861745332,09-11-2002,gdanitho,YkkL6R69i,II
638,2691553663,02-09-1996,cfewkeshp,FgNzfY6jiE,Jr
639,351691359,12-07-1999,ekilfeatherhq,p4Uwac,IV
640,2272164382,04-03-2003,iiacovaccihr,HV7E0IUsxe1g,IV
641,39468925,24-06-1998,gfattorinihs,zLc1g0GVSA,Sr
642,5612905378,28-11-2000,eneilht,EFhkdQvUBnql,Sr
643,9252527893,29-03-1990,lwonforhu,0mbdT6F6,IV
644,2581519835,29-11-1999,vminershv,JsbX1oI8UHh,Sr
645,56840950,15-07-1990,jdawkshw,BKLjI5BSt1,II
646,9587801997,18-10-1999,ewhitemanhx,7tKbHcEGE4x,IV
647,1862981582,17-09-1991,wmattiassihy,BPLNBGTu,II
648,5352596524,07-05-1993,mbrandonihz,NN56VE,Sr
649,2699394726,07-08-1998,wdarlingtoni0,0409lYtZI,II
650,4744734936,16-03-1990,ereisenbergi1,rOy8PzLLu,IV
651,3506503340,14-10-2004,pyerrilli2,mFcA0avA3,II
652,8696050614,15-01-2005,eedgei3,n9Q6ek1,III
653,3004790106,27-04-1996,fsawkinsi4,6P23tdoHWoR,II
654,4716438910,22-04-2005,jbergeti5,HD4BCLpezu9l,II
655,5375619016,02-09-2004,mgortoni6,vEGWbK,Sr
656,6382715654,28-08-1993,cwolfarti7,4jGboSs2,III
657,4851744048,09-02-1996,falecocki8,DdiWIs,IV
658,8341567148,01-10-2006,hgeneveri9,BhZIvADYb,Jr
659,7237723553,08-02-2004,mhamsharia,wBrvmXkELyK,II
660,3154461469,17-01-1995,asearchib,FDSXxXi,Sr
661,1325874566,16-01-1993,gphytheanic,1bJpxd3HKt,Jr
662,7466049842,18-01-1992,lhinzeid,4nDA2FtRta,Sr
663,3108977032,22-07-2003,ehaackie,4jB5CDa2jGeJ,III
664,1235882144,23-06-2004,epryerif,uwiVwUEv,Jr
665,6211573871,23-03-1999,agoodeeig,XGXUaa6sp4,II
666,9449296391,23-03-2003,bcharnleyih,jbmao5W,II
667,8210531816,10-11-1994,kbenthallii,oJvvm7Y,Sr
668,1163722529,19-12-2001,adifranceshciij,pUDxujZShyF0,IV
669,8210700863,30-06-2000,tcaldayrouik,tOd28fq8r,IV
670,5060742946,31-01-2003,lgrafomil,p9CnTNo58J5d,Sr
671,3614091511,14-09-2006,kgossingtonim,VRA1xel,III
672,4069978224,24-07-2006,fchadbournin,vPB7ECLOe,II
673,3866733755,05-02-2005,mdegiovanniio,l8oufcGaPJt,Sr
674,4440006140,09-11-1998,kbrownsteinip,9H3tvl,III
675,8184461836,20-09-1998,msharphouseiq,E0Q19t8LM6,III
676,562440658,24-01-1995,fwerrilowir,nL3VpMi4,III
677,1136367357,12-01-1995,sdoddsis,MO64LN,IV
678,8929200370,22-01-1998,celeshenarit,8iL29CtPvR,Sr
679,6743892998,19-11-1995,mwittringtoniu,1xXWRHMKsHfH,II
680,8366047563,17-10-2005,eodaiv,dEgbQVtrym,II
681,1972111418,18-03-1990,bwarboysiw,T3knyRNwlJZ,IV
682,1189187086,22-12-2000,tverrechiaix,f8ol3NaJ,II
683,7652836255,19-03-1990,cstaningiy,Mfrwds,Sr
684,924528125,14-12-2004,msaigeriz,yXZb5l,II
685,8585083476,05-12-1992,rpimbleyj0,6bc3fdEe,IV
686,4361254826,11-10-2000,zplaitj1,ZhLCcjJjM,IV
687,1865296937,31-05-1990,ndoogoodj2,Q4mjbksrgd,IV
688,8781614217,03-05-1996,acroneenj3,MqNKEzC2g3J,IV
689,1506417655,19-08-1991,mevesquej4,slz8cMW68Tg1,III
690,6096980988,01-05-2004,hshoweringj5,wJcxYH,Sr
691,3194414658,09-01-1992,dorcasj6,hXW79yrK,III
692,1464956677,15-09-2005,gcrightenj7,fbl499LmHBtr,IV
693,9605337215,20-06-1995,bscaddonj8,zNEnhoIjxBS,III
694,9777070748,15-10-1998,abissetj9,DIGHq8m,III
695,3866153430,28-03-1996,jgrandhamja,gggEzTG0ec,IV
696,5718468931,10-12-2004,sharbardjb,zZp219,III
697,9720654066,27-12-1998,gbeckjc,HZjqj97zEd,Jr
698,2924280982,03-12-1998,lrummerjd,A6BHHb,Jr
699,8605881313,18-03-1999,gbadinije,u4hslP7C,Sr
700,3733654625,15-06-1994,fpayzejf,Hp4qwJjiOEU8,IV
701,3644218803,25-11-1991,ssheeresjg,WWAKCbg,II
702,6089525529,22-01-2003,moloughnanjh,SIKvpUQIkeQ,III
703,7324877109,23-08-1995,mdarkinsji,Fm73sru3nf,Sr
704,7061703261,03-05-1993,btiltjj,Ti7zWArMA,IV
705,2575021685,20-12-1999,vgudgerjk,PF0VfEsoi,IV
706,4170745361,02-08-2005,tgawnjl,5djMyx,IV
707,9359388432,09-01-1991,enorthenjm,Agv00Bn2iJAt,III
708,5767731306,30-01-1998,awohlerjn,pwhkTrlAH,II
709,9080503274,29-01-1990,dvautreyjo,WGpPVnnypqzh,IV
710,6213204660,29-09-2003,jscynerjp,yJ3W3nEl,III
711,8888387994,27-07-1993,pfranzewitchjq,PAWgFa,Sr
712,3047057168,24-05-2000,bornillosjr,bOaIxQ5,Jr
713,3530672467,25-09-1999,vmalleyjs,gntZg7,Sr
714,4445969850,01-03-1993,mstrahanjt,0Zp7XrdR8R,II
715,6519649481,03-08-2004,dclimerju,ykI6Kl,II
716,664176488,18-12-2000,ekrausejv,84IvKOH5,III
717,3638189015,05-09-1996,btibolsjw,34jyY6zvNM,Jr
718,5207026208,03-12-2004,hpalkjx,0pBJw3HSot,Jr
719,8064309131,25-04-1999,ilopejy,LWg5Dj8Om3vJ,IV
720,5045878484,23-05-1993,ngiovanardijz,8rCtna8,III
721,5189759822,30-11-2002,wjurczykk0,wAfWYI0,III
722,9357490485,09-09-1991,aandersonk1,TFpC0ORQSrfC,II
723,6246750338,05-09-2001,trubenczykk2,A3Kw4T7EO2,Jr
724,6871306064,15-09-1990,lcaulcottk3,mSSkoyviP,Sr
725,3808185945,14-02-1990,kcovottok4,CyF7yWvPjew3,Jr
726,1811535658,27-10-2003,gavramovitzk5,YtI3QnxqI7,Sr
727,5803717665,29-12-1998,fkenworthk6,rMQnTlY79Tf,Sr
728,2292854104,13-05-2000,lgirogettik7,s1pX5t669CW,II
729,1434413314,23-12-1991,cgrolmannk8,lsQlLJNmV,Sr
730,4848240956,22-11-1997,acabelk9,4n4iGYWg6n,Jr
731,7186814328,06-02-2003,hgurtonka,pRlDrM,II
732,6341705018,05-04-1996,kcrossekb,bsFyWwZ2op,IV
733,1511894547,23-09-1998,cipslykc,vWQy8Ubfu,IV
734,6405219313,22-06-1994,bgilbardkd,KD13xX00,Jr
735,771196709,09-08-2000,eevensdenke,xgB8VbaplaL,Sr
736,1151729256,10-10-2002,hingramkf,L3izWK8,II
737,2941560963,25-09-1990,ncolbridgekg,qW6lcOP,IV
738,4833118041,17-02-1998,wcreggankh,Hwkx8aK2Xv,Jr
739,4576715011,21-11-2001,rsodenki,peYf3b5KPT,Jr
740,3952679658,19-06-2003,kgoochkj,HtLid4bhWzVN,IV
741,5480886681,22-11-2004,eberringtonkk,3PLJyPrHIGBm,Jr
742,8681123416,12-11-2002,abootmankl,eKanBq0k5,Sr
743,3135369412,15-01-1999,tnewickkm,eUOiBp,Sr
744,2505788537,09-03-1990,mosgoodkn,tVjOdlmpi6,IV
745,4050447754,22-07-1994,vclayfieldko,ZI7vQWgFbte,Sr
746,649599152,01-10-1999,gtarbathkp,KpfFmhvt,Jr
747,9303243692,28-04-2003,cgreenlieskq,tcbW6kGR,III
748,9392771363,16-01-2002,sboykettkr,16jfebN,IV
749,5059012336,30-07-1997,ctuckwellks,i0iRTIyWCOoi,Sr
750,3658627476,19-04-2004,rfellowskt,n4XM1uOX,II
751,7131476463,14-12-2004,tmckayku,U2UlQF8,III
752,8609477797,07-04-2004,puzzellkv,RJLhGO,Sr
753,5404384174,22-02-1996,dscreachkw,XnOYu8vzA,IV
754,5324181099,28-11-2005,mvernhamkx,ZJpKYS0jT,II
755,561731918,24-07-2000,mpaternoky,58fOcpO1GWR,Sr
756,9654690470,05-04-1994,lendskz,zyZHEOjrRnXT,III
757,8933033610,04-09-2000,lsandersonl0,Unzzul,III
758,9379077262,12-06-1992,bwagstaffl1,dO8KFK,Jr
759,5196181148,21-01-2006,astanderingl2,W4gCsQUK4,II
760,2656923832,06-05-2003,yadamecl3,HdCrdtnL5,III
761,1800521030,17-06-1996,jhemerijkl4,65BLp6He0,IV
762,1625246706,02-05-1991,npeasegoodl5,aIKoVLuhinx,Jr
763,4060641391,08-02-2004,fmcgeneayl6,cpianq4Znqz,IV
764,3722414032,04-08-2000,fissettl7,jEJY2Svagy,III
765,6763421672,27-07-1999,jlewensl8,XCYC1CUCKXj,III
766,3199878407,24-06-1993,rmapholml9,ThfEUtpXUv,Sr
767,6434494904,17-08-1997,cheaslipla,zqq67ffN,IV
768,6660662332,17-03-1997,bkeilinglb,Mh1WYwUJGt,IV
769,2606072324,26-11-2004,atourlc,UpvbexJt8AHm,II
770,2807160115,02-08-1994,rblakemoreld,yWY1s9rPnQ,II
771,1781873976,03-07-2001,bdoddrellle,R8Q5us1,Jr
772,218374135,29-10-1998,kdemeltlf,VQmaic,IV
773,6916956984,12-12-1992,tcallabylg,ajelxzKBU,III
774,7784741715,09-05-1995,thillhouselh,ZXKFUl9,II
775,210193611,18-01-2006,sspinkeli,lBgJVM,Sr
776,6744589725,25-08-2006,efyfelj,h0mMhyeH,II
777,3696194484,25-04-2005,gspoffordlk,q1eh5nD,Sr
778,4291077793,10-08-1999,dhalbertll,Ihwpqc6Su,Jr
779,9636441715,05-10-1995,blafontlm,JM3Ngr7tdI,Jr
780,4858417573,20-09-1996,fdeyeln,SyqpkHV0,III
781,7862119991,11-09-2005,lbutsonlo,XoHWHv9sAu,II
782,9641169394,18-02-2005,eyirrelllp,gPYJiT,III
783,4392304817,20-02-2001,rjordinlq,WXqscZRM1y,III
784,1254369430,19-07-1994,pgrishaninlr,zFfyLFC5sCr4,Sr
785,9034385205,23-11-2001,lmounchls,baMRvqvrdS,III
786,562246673,11-06-1993,cbrecherlt,jJO84ooUdl,IV
787,6198986446,22-08-1999,fwishartlu,jZA5xUP0P,Sr
788,7782196906,05-04-1999,sparzizeklv,hQiTmO9DoZ,Jr
789,440016681,23-07-1998,ghappellw,i0whLTbFK,Sr
790,843515295,08-05-2002,tbettonlx,Czfh8zbp,III
791,3947401418,03-04-1990,cvettorely,DPClep2ba,Jr
792,7682959517,19-10-1993,mwallworthlz,n3xK4llmFw,II
793,3981534913,30-07-2004,lkeddiem0,qZaa2W1O2Zz,IV
794,1458175332,29-06-1996,lcossorm1,w0D6PuBWhN,IV
795,5738322193,27-07-2006,agrimblem2,iTSBtZIo2r,II
796,602029325,16-09-2002,dyeelesm3,6yewijJ4,II
797,3111947645,27-11-1992,kginleym4,ml67ODC8IWuW,Sr
798,33072248,16-08-2001,bwarrinerm5,fcM9ENa3Ar5j,III
799,4849467474,04-02-1991,jgoffem6,hRMibHAistE4,II
800,6910953711,23-11-1993,ccuddem7,ndtFXu,Jr
801,9072448839,21-02-1990,lmackimmm8,90RKeA,III
802,2284285422,19-06-1991,fyosevitzm9,D72FnxbbRW,II
803,3078045552,04-11-1993,bgennerichma,l1lw7W72WDB,II
804,8552382121,16-11-2004,dmildenhallmb,VGJ86Q9lWhZ,Jr
805,6501896312,07-12-2004,bwyndhammc,GV0nXXnZoyF7,III
806,5289596844,06-07-1997,afloundersmd,Xtcj4uolhTpj,Jr
807,4147482333,22-04-1990,ehandlingme,C7zGpP,IV
808,8282663956,17-07-2000,fprevostmf,ayWY4Q9Cz,III
809,3158727404,13-06-1997,msearesmg,8JS0K4ZUZT,Sr
810,2534970496,13-03-2003,kturnockmh,EtdtjAbI9,III
811,610890905,21-06-2003,larnaudotmi,kl7aBwN8b1O,IV
812,6381399481,14-05-1991,cyorstonmj,qq3yrCPrHaZp,III
813,3314240260,22-05-1994,nmclennanmk,RR78Ds27FJWR,Sr
814,8976155459,28-02-1999,qboobyerml,KpMA8p5hBMH,Jr
815,5755279322,17-09-2005,cbilsonmm,6uo2Z7jke9,IV
816,2922931439,17-07-2000,cfisbburnemn,vh3VYwCT3,III
817,3854114370,17-07-1990,jmonseymo,Hzff4UyxlW3n,Jr
818,4632669105,11-06-1994,gmusicomp,okE73URogC04,Jr
819,2972813413,11-01-1994,rtankinmq,EM0p2U,II
820,1202900860,03-12-2003,ccasadomr,j1GtvA,Jr
821,6256933184,24-10-1993,ipatersonms,tlTOli9xHq,Sr
822,1810017246,30-06-1995,csolanomt,1tFF0A,Sr
823,3427420949,21-03-1992,dcroftsmu,QfZNXxooWwx,IV
824,6023984800,19-12-1991,rfildemv,aILXCI1RR,III
825,161787835,05-08-2001,vraingermw,UNrqage62aWF,II
826,9831605233,13-11-1997,vcurlessmx,1CST3K8Ug,Jr
827,6177468160,07-05-1999,fnanettimy,WCxgZu1Z8TP,II
828,5850078525,20-06-1999,glabuschagnemz,isAbvr,Sr
829,8036594528,05-01-1995,cwillardn0,XtbReiAxQXm,Jr
830,1793713731,12-10-1999,lsibbonsn1,KOeCN1y,III
831,5554665349,26-01-2005,gheyworthn2,jbYhgi,II
832,5410424743,30-12-1997,cvanderbrugn3,RqAHJJJd8Q,III
833,6851225840,24-02-1997,emattekn4,l2EjHHJZbVQL,III
834,6849803557,13-01-1993,mpietznern5,HvTMO4vr,IV
835,55950507,03-01-2001,wgrushinn6,OGWZ1LriT,IV
836,1231363010,14-02-1992,whatchelln7,cnP0eTGEx,III
837,146598032,09-05-1991,chitchensn8,GDsbh9JtXi,Sr
838,9799575729,23-08-2004,javisonn9,8wazrH,Jr
839,7531504162,22-09-1991,gsaintpierrena,EQ5eJ3xE67s,II
840,7160574079,10-06-1994,swoolleynb,HQXeBl,Sr
841,2819862314,02-01-1996,kalansnc,y7Vsmi5kIAF,III
842,409024899,11-11-1991,qcoppenhallnd,Ska7I7sDysg,Sr
843,6020711927,21-08-1995,awoodisonne,K3hvrUktt16,IV
844,8102380160,18-04-1998,unormanvillenf,jr6bCv0rv4Ox,IV
845,4717566998,21-12-1996,kpalserng,DEdUD28cr,IV
846,4175624341,25-07-1993,bbuttreynh,ohOVXM5TW5Yp,Jr
847,4343743918,27-08-1993,vkynndni,zmVUXETJb,IV
848,5970623954,19-03-2002,zculbertnj,Sk246eNnK,II
849,8213032012,18-01-1990,gswiggnk,PuH1zlu8fXq,Sr
850,4274224333,21-06-1996,umortimernl,5R6JtN8XkDK,Sr
851,8123074697,18-01-2004,esherwoodnm,qt6UP9UX7u,Jr
852,7487251063,15-09-1990,wbaylisnn,9f5LNvvJ5wKp,Jr
853,2912092922,06-02-1995,fpavyno,kHWVfD,IV
854,1206276282,15-10-2005,qwifenp,yNBqW4fjQNQO,Jr
855,3433635277,11-11-2004,abridgmannq,57cqaoa,III
856,8521086067,26-05-2002,lvealenr,Hx374kq4d,Jr
857,2533833096,31-08-1996,arigatens,FiMxwLM5S,Jr
858,9860305552,31-12-2004,mnordassnt,YB75MTr,Jr
859,7028061051,27-03-1990,rlaxtonnu,3uzHQpo,IV
860,7254284449,15-10-1991,hdelaprellenv,N7O7f2,Jr
861,3965696696,10-08-1998,pgrishinovnw,4bVNhfSHhdY,IV
862,8611259122,08-03-2006,brobertsnx,cWAeulq3,Sr
863,1277884080,27-05-2002,ahaughinny,xXsmgkr8egQ,II
864,2199745511,24-02-1996,tmachennz,MeSkxtfVXc,Jr
865,1743358318,02-06-1998,eprestlando0,3JIQdXEzcA,II
866,6470743064,19-12-1999,blightbowneo1,jCWebK,Jr
867,1981313389,06-01-1995,aadnamso2,akAtLRJdNX7,II
868,1718640714,11-02-2004,sgludoro3,bvzQ4hUddp0f,Sr
869,2093253577,12-02-1998,tbrimo4,lWO5tBt,Jr
870,5715427568,19-10-1999,taskino5,SxQ9BR,Sr
871,5900345106,23-04-1995,hhansono6,dQjCZl,Jr
872,8388300393,15-06-1991,wcolbrono7,1jQ7g9fF,III
873,1115107372,01-09-2005,adetocquevilleo8,75EwipEO,Jr
874,3174644461,07-11-1997,fokeevano9,zJYuZPg9,IV
875,1684680743,12-08-1999,educkwithoa,W8UPZvj,Sr
876,7641024572,24-02-2006,doakwellob,ZvyZtqvwP9d,Jr
877,6508244191,13-02-2001,dtanslyoc,UGdsbSng,Jr
878,5941126565,26-08-1999,hortod,iAaiLLE,III
879,4322599257,21-02-2004,tpulhosteroe,ntLvv2Tm,III
880,8630388609,16-01-1993,rjenkynof,lU8PHW3W0fX,II
881,3661037137,14-10-1993,jkuschekog,RBQ1wxaxs,Sr
882,4490403666,24-03-1999,uattfieldoh,tRtMKg3WfSy,IV
883,6999479593,22-10-1999,mcleworthoi,6pL0Qr,Jr
884,8305103900,02-01-1999,pharteoj,W4Ah2oX,III
885,4662312191,27-10-2002,khowsdenok,Cy2r2r25P,III
886,2781800155,13-07-1995,nkelleyol,nsmj6CwiujU,III
887,3797432674,25-07-1997,kyaneleom,v0Ld0r,Sr
888,6155061246,03-04-1996,jflinderson,NphoWF,Jr
889,904139069,10-02-1992,jdrisselloo,GG9h53BxSp,Sr
890,4116047406,07-01-2005,schristiensenop,LEpqcFRM0F,IV
891,9663370955,10-05-2004,obothramoq,4Us4OD,III
892,7289382021,17-08-2005,wbothieor,hk9kYNWjDv9F,IV
893,3150453143,19-12-1999,kfreenos,carIV6ClI,Jr
894,1360639012,10-05-2001,ydungeot,99NYYbP,IV
895,3471448772,19-08-1990,csmardonou,yFvHtm,Jr
896,4155279185,14-08-1990,rocorrenov,uh3n9RJJ7,IV
897,1153598906,25-08-2005,oneggriniow,xrTWQsjYBZkn,Jr
898,9073364647,07-04-1995,ihordellox,VikwMm50ZNJ,Jr
899,6789453091,08-02-1997,dgotcliffoy,rvzJ83IV,II
900,2579739483,05-07-1996,jwestgateoz,1tDKBfQ,II
901,4156547248,04-10-1991,ndawneyp0,F5bHS61G,IV
902,3268900895,31-12-1991,dsmedmorep1,wQwtwEu6A,Jr
903,2379661898,29-01-1990,rprowsep2,onWqDleRNAWw,III
904,8852428976,26-10-1990,mmathonnetp3,PGsMhKzVlx,III
905,5203389772,24-06-1998,mriddelp4,AEOPZhu6wV,III
906,1102949655,30-03-1992,hdeboop5,lpAjSeR,Jr
907,3162934648,20-01-2001,fshillaberp6,QeMx3VD,II
908,2890755932,21-09-1991,wscammellp7,eiRdalzI6lWQ,II
909,9979479728,23-11-1990,fbertomieup8,WoumbN,II
910,7949078677,18-02-1996,ccoveneyp9,2m63vuXcQw,II
911,5770929979,21-12-1994,amaykinpa,gpBWNEe0,IV
912,1014331706,31-03-1992,rheijnepb,RWn0Mb7ZF,III
913,1737907232,13-08-1992,mpiddlesdenpc,4SIZfrrjSnaO,II
914,6655777666,01-11-1994,ceasmanpd,TDHc6Bb92L,II
915,2049263201,08-05-2002,djudronpe,arBen0Wq,Sr
916,4712175567,27-09-1991,pwitheypf,MPyAnr,Sr
917,1829415883,25-11-2001,vhuskissonpg,AKEV7o,IV
918,1753443555,14-01-2006,abrislaneph,fV8UJANSx,III
919,5382711992,03-11-1995,smcraveypi,r16gTH6CwIt4,III
920,1662388063,12-11-1994,aconnorspj,lyPGz88V8gCF,III
921,4822581101,01-06-2003,llindenstrausspk,7HpPwFelB1Q,IV
922,5612145659,05-10-1999,ajenkspl,fTEbrtYu,IV
923,390411841,12-08-1992,yucpm,E9S09eP6AH5b,III
924,4467085181,13-03-1999,ulandegpn,dV9xKs,IV
925,6520815802,29-08-2006,fspeedingpo,x5K2eUT6LQjK,III
926,9180270832,07-05-1999,aclemmenspp,klujxCH,Jr
927,7098275867,25-09-2003,cbusfieldpq,XekrSiKQ,II
928,2915954933,11-07-1990,eweedpr,X11R0DqV,III
929,7109430243,30-05-2003,jdoolerps,sVzvVk48agXN,III
930,3497738131,20-04-1990,fdurningpt,AeAGDFcz7,IV
931,197539742,05-11-1991,bisacpu,Lca6LXQAg,II
932,7806801413,18-04-1998,kmizzipv,ykgC0YmP,Sr
933,598564985,06-12-2002,abackhurstpw,mQpQBZrnBl8,II
934,5070813730,05-09-1994,veastpx,HWcNEf9,IV
935,793492017,08-12-1993,fmartynkapy,XFAdk6f,III
936,3923054564,03-02-1998,ggrossmanpz,CG3MeAC,Sr
937,2143584539,16-11-1991,vwetheredq0,5ORsKvVR,III
938,7828475225,01-06-2004,dmarriageq1,UIyOJWGZOgFK,III
939,3948897255,19-03-1998,jtilleyq2,JuWvVXsNHoY,Jr
940,3126668070,20-03-2000,bmcgiffinq3,GmfFStWexJu,III
941,4503195069,07-06-1990,sknibbsq4,bIZHRfnb4,IV
942,3117819975,25-12-2006,wbleasdaleq5,ogvRX6,IV
943,8003431131,02-07-2000,dgaskalq6,upJYsLayqs7,III
944,8975632512,06-01-2006,yfairburneq7,wIzFCGaXXQ,Jr
945,296783226,04-04-2001,smckeandq8,JomGQBhI72y,II
946,5258688364,13-12-1999,opettyferq9,w8IkRCoL,Sr
947,4497498360,15-03-1991,tdemangeotqa,mNVgpzBPJo,II
948,654476314,18-06-1991,bisittqb,NmgiOsam,Jr
949,9535043021,14-11-1995,mcuddqc,lsetYJMEWEw,II
950,2825544051,25-12-2005,lgreceqd,95TNyKmbk6Fk,Jr
951,252938321,27-01-1994,dpogsonqe,KclIMrce,II
952,5446035917,14-02-1995,bkimminsqf,7TxhvEAaq,III
953,2803919192,06-09-2000,pkachqg,7sl2nz,IV
954,5137121630,20-01-1998,cdymockeqh,cZNbgu,III
955,4264280729,26-09-1994,thacklyqi,xtAWP7TeTFa,IV
956,1058291173,06-06-1991,ekearfordqj,d3FqS3m,Jr
957,9471888077,09-02-1992,bvanbruggenqk,6DsX811E4WKl,III
958,3489644719,13-02-2003,lcocklinql,RFLscnjc,III
959,9962208661,23-04-2003,tsamwellqm,c7G0eO,II
960,5066878947,28-05-1999,kcreserqn,hzvUiCQpV,IV
961,9015071691,03-09-1997,ppauteqo,UYkv0uuIFj,II
962,3258305943,27-07-2005,mgaskinsqp,BCIzNMSiaB,III
963,3233868626,27-12-2003,awallingqq,HjaWa4XFop,IV
964,6814737361,04-11-1992,bcoarserqr,xFanfjM,Jr
965,6723696611,27-11-2001,fprinnettqs,RJV2ec,III
966,3957112435,22-10-1990,vforseithqt,T3kIgo,IV
967,3829189923,09-11-2004,djentgesqu,xWoQeAhuM0U,II
968,7338344108,27-09-1991,ctumininiqv,fz5a6NmU06,Sr
969,2618354176,10-12-2003,cdatteqw,3VwkrdGW3,Jr
970,811041506,02-01-1994,rshimmansqx,UpM0Klarh,III
971,2793869058,30-12-1999,ghutchesonqy,zOAdraFCC6AL,II
972,8602903456,19-11-1995,dlindwasserqz,paQk4OX,III
973,8352678876,10-11-2006,gfrounksr0,xw42UOku0,Sr
974,9489465275,10-11-2002,igooldingr1,oBRVB3Bl,Sr
975,6941306114,01-05-2002,sgoftonr2,KXZqgx7suSS8,Sr
976,1633594378,17-02-1990,desbergerr3,63mYDY4H,III
977,420378456,27-11-2004,whenricssonr4,BFpFzDoUgw,Jr
978,4712939028,13-10-1999,plemingr5,xeG10XDg,Jr
979,1853475432,06-11-1999,hphilipsonr6,xQoDai6WMnz,III
980,7199603401,05-05-1993,tgarthsider7,Nb6GeOKEe,IV
981,7300688888,15-02-2000,jcloneyr8,lBuZkhF,II
982,3396989031,04-07-2000,adallanderr9,QwN3dw,III
983,4491409315,23-11-1997,stickra,p6X789UMXQDx,III
984,8636030277,15-07-1993,ttacklerb,my7RYLz,IV
985,9214163014,04-08-1993,apaszekrc,ZbRKRO3,III
986,8509127778,19-08-1997,ahowardgaterrd,fL0vDmwsZC,IV
987,357481054,29-11-2004,dfrearsre,1AHgxiHO,III
988,2815077868,16-11-2001,dbriersrf,Ylb02ZKa3H,III
989,2762642574,25-07-2002,dgehrelsrg,R7vLdXp8aKaC,II
990,7934892691,10-09-1994,csnaselrh,Nz2oUd8w,IV
991,2530229260,11-01-1999,jocorrinri,w4HJvW8f,Sr
992,4955419070,22-10-1996,ldimmackrj,DzMt7gR,Sr
993,7858274627,22-08-1998,gdickmanrk,vKkQcI8X,Jr
994,1613417918,05-07-1995,geytelrl,WV0VBKILt,Sr
995,2817395514,06-06-1991,kbentinckrm,uzjQShdBkwY,II
996,1213033330,10-09-2005,sbarnfieldrn,entLBEkh9g,II
997,365527335,12-03-1990,gwabersinkero,sVleLdkgcNO,III
998,7763260467,29-05-1992,jstiveyrp,fMrRbn,IV
999,2759076520,14-03-2002,dfehelyrq,LgAiUT5xWLY,Sr
1000,3787962131,22-06-1996,echurchinrr,KKrledTsoOv,Jr
